0.6,Friday,20210225T203457Z,hh.hhhh,20.5825,surface_temperature,C,24.0,1.0,air_temperature,C,24.2,0.3,relative_humidity,%,0,3,air_pressure,hPa,0,1,altitude_uncalibrated,m,-999,100,visible_spectrum,nm,uW/cm^2,12/100,450,31.0,500,37.4,550,65.2,570,76.8,600,92.2,650,94.5,near_infrared_spectrum,nm,uW/cm^2,12/100,610,16.3,680,10.7,730,12.1,760,9.9,810,10.3,860,12.2
0.6,Friday,20210225T203458Z,hh.hhhh,20.5828,surface_temperature,C,24.7,1.0,air_temperature,C,24.2,0.3,relative_humidity,%,0,3,air_pressure,hPa,0,1,altitude_uncalibrated,m,-999,100,visible_spectrum,nm,uW/cm^2,12/100,450,23.9,500,34.8,550,42.7,570,39.9,600,38.9,650,45.5,near_infrared_spectrum,nm,uW/cm^2,12/100,610,16.3,680,10.7,730,11.0,760,8.9,810,11.3,860,12.2
0.6,Friday,20210225T203459Z,hh.hhhh,20.5831,surface_temperature,C,24.7,1.0,air_temperature,C,24.2,0.3,relative_humidity,%,0,3,air_pressure,hPa,0,1,altitude_uncalibrated,m,-999,100,visible_spectrum,nm,uW/cm^2,12/100,450,31.0,500,41.3,550,62.9,570,55.8,600,48.1,650,42.8,near_infrared_spectrum,nm,uW/cm^2,12/100,610,8.2,680,10.7,730,8.8,760,7.9,810,11.3,860,9.8
0.6,Friday,20210225T203500Z,hh.hhhh,20.5833,surface_temperature,C,24.5,1.0,air_temperature,C,24.2,0.3,relative_humidity,%,0,3,air_pressure,hPa,0,1,altitude_uncalibrated,m,-999,100,visible_spectrum,nm,uW/cm^2,12/100,450,46.5,500,59.4,550,64.0,570,67.8,600,60.4,650,50.8,near_infrared_spectrum,nm,uW/cm^2,12/100,610,6.8,680,8.5,730,5.5,760,5.9,810,8.2,860,8.6
0.6,Friday,20210225T203501Z,hh.hhhh,20.5836,surface_temperature,C,24.4,1.0,air_temperature,C,24.2,0.3,relative_humidity,%,0,3,air_pressure,hPa,0,1,altitude_uncalibrated,m,-999,100,visible_spectrum,nm,uW/cm^2,12/100,450,58.5,500,74.8,550,84.2,570,81.8,600,84.0,650,73.1,near_infrared_spectrum,nm,uW/cm^2,12/100,610,6.8,680,10.7,730,6.6,760,6.9,810,8.2,860,8.6
0.6,Friday,20210225T203502Z,hh.hhhh,20.5839,surface_temperature,C,24.8,1.0,air_temperature,C,24.2,0.3,relative_humidity,%,0,3,air_pressure,hPa,0,1,altitude_uncalibrated,m,-999,100,visible_spectrum,nm,uW/cm^2,12/100,450,62.0,500,60.7,550,85.4,570,76.8,600,82.9,650,64.2,near_infrared_spectrum,nm,uW/cm^2,12/100,610,13.6,680,11.7,730,8.8,760,6.9,810,8.2,860,8.6
0.6,Friday,20210225T203503Z,hh.hhhh,20.5842,surface_temperature,C,24.9,1.0,air_temperature,C,24.2,0.3,relative_humidity,%,0,3,air_pressure,hPa,0,1,altitude_uncalibrated,m,-999,100,visible_spectrum,nm,uW/cm^2,12/100,450,57.3,500,55.5,550,74.7,570,64.8,600,75.8,650,57.0,near_infrared_spectrum,nm,uW/cm^2,12/100,610,10.9,680,11.7,730,7.7,760,5.9,810,8.2,860,7.3
0.6,Friday,20210225T203504Z,hh.hhhh,20.5844,surface_temperature,C,24.8,1.0,air_temperature,C,24.3,0.3,relative_humidity,%,0,3,air_pressure,hPa,0,1,altitude_uncalibrated,m,-999,100,visible_spectrum,nm,uW/cm^2,12/100,450,38.2,500,34.8,550,33.2,570,35.9,600,46.1,650,49.0,near_infrared_spectrum,nm,uW/cm^2,12/100,610,10.9,680,8.5,730,7.7,760,5.9,810,7.2,860,7.3
0.6,Friday,20210225T203505Z,hh.hhhh,20.5847,surface_temperature,C,25.0,1.0,air_temperature,C,24.3,0.3,relative_humidity,%,0,3,air_pressure,hPa,0,1,altitude_uncalibrated,m,-999,100,visible_spectrum,nm,uW/cm^2,12/100,450,11.9,500,16.8,550,17.8,570,17.9,600,22.5,650,24.1,near_infrared_spectrum,nm,uW/cm^2,12/100,610,9.5,680,3.2,730,3.3,760,3.0,810,4.1,860,6.1
0.6,Friday,20210225T203506Z,hh.hhhh,20.585,surface_temperature,C,24.7,1.0,air_temperature,C,24.2,0.3,relative_humidity,%,0,3,air_pressure,hPa,0,1,altitude_uncalibrated,m,-999,100,visible_spectrum,nm,uW/cm^2,12/100,450,8.4,500,11.6,550,7.1,570,10.0,600,10.2,650,14.3,near_infrared_spectrum,nm,uW/cm^2,12/100,610,4.1,680,3.2,730,2.2,760,2.0,810,4.1,860,2.4
0.6,Friday,20210225T203507Z,hh.hhhh,20.5853,surface_temperature,C,24.6,1.0,air_temperature,C,24.3,0.3,relative_humidity,%,0,3,air_pressure,hPa,0,1,altitude_uncalibrated,m,-999,100,visible_spectrum,nm,uW/cm^2,12/100,450,3.6,500,10.3,550,8.3,570,9.0,600,7.2,650,10.7,near_infrared_spectrum,nm,uW/cm^2,12/100,610,1.4,680,1.1,730,1.1,760,1.0,810,2.1,860,1.2
0.6,Friday,20210225T203508Z,hh.hhhh,20.5855,surface_temperature,C,24.6,1.0,air_temperature,C,24.2,0.3,relative_humidity,%,0,3,air_pressure,hPa,0,1,altitude_uncalibrated,m,-999,100,visible_spectrum,nm,uW/cm^2,12/100,450,3.6,500,6.5,550,4.7,570,5.0,600,5.1,650,8.0,near_infrared_spectrum,nm,uW/cm^2,12/100,610,1.4,680,1.1,730,1.1,760,1.0,810,1.0,860,1.2
0.6,Friday,20210225T203509Z,hh.hhhh,20.5858,surface_temperature,C,23.9,1.0,air_temperature,C,24.2,0.3,relative_humidity,%,0,3,air_pressure,hPa,0,1,altitude_uncalibrated,m,-999,100,visible_spectrum,nm,uW/cm^2,12/100,450,13.1,500,10.3,550,22.5,570,19.9,600,21.5,650,23.2,near_infrared_spectrum,nm,uW/cm^2,12/100,610,2.7,680,1.1,730,2.2,760,1.0,810,1.0,860,1.2
0.6,Friday,20210225T203510Z,hh.hhhh,20.5861,surface_temperature,C,24.1,1.0,air_temperature,C,24.2,0.3,relative_humidity,%,0,3,air_pressure,hPa,0,1,altitude_uncalibrated,m,-999,100,visible_spectrum,nm,uW/cm^2,12/100,450,14.3,500,9.0,550,13.0,570,10.0,600,19.5,650,11.6,near_infrared_spectrum,nm,uW/cm^2,12/100,610,4.1,680,3.2,730,2.2,760,2.0,810,3.1,860,2.4
0.6,Friday,20210225T203511Z,hh.hhhh,20.5864,surface_temperature,C,24.3,1.0,air_temperature,C,24.2,0.3,relative_humidity,%,0,3,air_pressure,hPa,0,1,altitude_uncalibrated,m,-999,100,visible_spectrum,nm,uW/cm^2,12/100,450,7.2,500,12.9,550,21.3,570,30.9,600,21.5,650,13.4,near_infrared_spectrum,nm,uW/cm^2,12/100,610,4.1,680,1.1,730,1.1,760,1.0,810,1.0,860,2.4
0.6,Friday,20210225T203512Z,hh.hhhh,20.5867,surface_temperature,C,24.9,1.0,air_temperature,C,24.2,0.3,relative_humidity,%,0,3,air_pressure,hPa,0,1,altitude_uncalibrated,m,-999,100,visible_spectrum,nm,uW/cm^2,12/100,450,47.7,500,51.6,550,49.8,570,52.9,600,59.4,650,57.0,near_infrared_spectrum,nm,uW/cm^2,12/100,610,2.7,680,8.5,730,5.5,760,5.9,810,7.2,860,4.9
0.6,Friday,20210225T203513Z,hh.hhhh,20.5869,surface_temperature,C,24.3,1.0,air_temperature,C,24.2,0.3,relative_humidity,%,0,3,air_pressure,hPa,0,1,altitude_uncalibrated,m,-999,100,visible_spectrum,nm,uW/cm^2,12/100,450,59.6,500,56.8,550,68.8,570,66.8,600,84.0,650,49.9,near_infrared_spectrum,nm,uW/cm^2,12/100,610,9.5,680,8.5,730,6.6,760,5.9,810,7.2,860,7.3
0.6,Friday,20210225T203514Z,hh.hhhh,20.5872,surface_temperature,C,23.7,1.0,air_temperature,C,24.2,0.3,relative_humidity,%,0,3,air_pressure,hPa,0,1,altitude_uncalibrated,m,-999,100,visible_spectrum,nm,uW/cm^2,12/100,450,32.2,500,41.3,550,39.1,570,41.9,600,54.3,650,60.6,near_infrared_spectrum,nm,uW/cm^2,12/100,610,9.5,680,9.6,730,7.7,760,6.9,810,8.2,860,7.3
0.6,Friday,20210225T203515Z,hh.hhhh,20.5875,surface_temperature,C,24.3,1.0,air_temperature,C,24.3,0.3,relative_humidity,%,0,3,air_pressure,hPa,0,1,altitude_uncalibrated,m,-999,100,visible_spectrum,nm,uW/cm^2,12/100,450,94.2,500,58.1,550,67.6,570,65.8,600,80.9,650,72.2,near_infrared_spectrum,nm,uW/cm^2,12/100,610,9.5,680,27.7,730,20.9,760,19.8,810,28.8,860,8.6
0.6,Friday,20210225T203516Z,hh.hhhh,20.5878,surface_temperature,C,24.4,1.0,air_temperature,C,24.2,0.3,relative_humidity,%,0,3,air_pressure,hPa,0,1,altitude_uncalibrated,m,-999,100,visible_spectrum,nm,uW/cm^2,12/100,450,37.0,500,47.7,550,59.3,570,61.8,600,68.6,650,64.2,near_infrared_spectrum,nm,uW/cm^2,12/100,610,9.5,680,27.7,730,12.1,760,10.9,810,28.8,860,11.0
0.1,Saturday,20210226T225738Z,hh.hhhh,22.9605,surface_temperature,C,7.9,1.0,air_temperature,C,9.4,0.3,relative_humidity,%,0,3,air_pressure,hPa,0,1,altitude_uncalibrated,m,-999,100,visible_spectrum,nm,uW/cm^2,12/100,450,0.0,500,0.0,550,0.0,570,0.0,600,0.0,650,0.0,near_infrared_spectrum,nm,uW/cm^2,12/100,610,0.0,680,0.0,730,0.0,760,0.0,810,0.0,860,0.0
0.1,Saturday,20210226T225739Z,hh.hhhh,22.9608,surface_temperature,C,7.9,1.0,air_temperature,C,9.4,0.3,relative_humidity,%,0,3,air_pressure,hPa,0,1,altitude_uncalibrated,m,-999,100,visible_spectrum,nm,uW/cm^2,12/100,450,0.0,500,0.0,550,0.0,570,0.0,600,0.0,650,0.0,near_infrared_spectrum,nm,uW/cm^2,12/100,610,0.0,680,0.0,730,0.0,760,0.0,810,0.0,860,0.0
0.1,Saturday,20210226T225740Z,hh.hhhh,22.9611,surface_temperature,C,8.1,1.0,air_temperature,C,9.4,0.3,relative_humidity,%,0,3,air_pressure,hPa,0,1,altitude_uncalibrated,m,-999,100,visible_spectrum,nm,uW/cm^2,12/100,450,0.0,500,0.0,550,0.0,570,0.0,600,0.0,650,0.0,near_infrared_spectrum,nm,uW/cm^2,12/100,610,0.0,680,0.0,730,0.0,760,0.0,810,0.0,860,0.0
0.1,Saturday,20210226T225741Z,hh.hhhh,22.9614,surface_temperature,C,7.9,1.0,air_temperature,C,9.4,0.3,relative_humidity,%,0,3,air_pressure,hPa,0,1,altitude_uncalibrated,m,-999,100,visible_spectrum,nm,uW/cm^2,12/100,450,0.0,500,0.0,550,0.0,570,0.0,600,0.0,650,0.0,near_infrared_spectrum,nm,uW/cm^2,12/100,610,0.0,680,0.0,730,0.0,760,0.0,810,0.0,860,0.0
0.1,Saturday,20210226T225742Z,hh.hhhh,22.9617,surface_temperature,C,7.8,1.0,air_temperature,C,9.2,0.3,relative_humidity,%,0,3,air_pressure,hPa,0,1,altitude_uncalibrated,m,-999,100,visible_spectrum,nm,uW/cm^2,12/100,450,0.0,500,0.0,550,0.0,570,0.0,600,0.0,650,0.0,near_infrared_spectrum,nm,uW/cm^2,12/100,610,0.0,680,0.0,730,0.0,760,0.0,810,0.0,860,0.0
0.1,Saturday,20210226T225743Z,hh.hhhh,22.9619,surface_temperature,C,8.0,1.0,air_temperature,C,9.1,0.3,relative_humidity,%,0,3,air_pressure,hPa,0,1,altitude_uncalibrated,m,-999,100,visible_spectrum,nm,uW/cm^2,12/100,450,0.0,500,0.0,550,0.0,570,0.0,600,0.0,650,0.0,near_infrared_spectrum,nm,uW/cm^2,12/100,610,0.0,680,0.0,730,0.0,760,0.0,810,0.0,860,0.0
0.1,Saturday,20210226T225744Z,hh.hhhh,22.9622,surface_temperature,C,8.3,1.0,air_temperature,C,9.1,0.3,relative_humidity,%,0,3,air_pressure,hPa,0,1,altitude_uncalibrated,m,-999,100,visible_spectrum,nm,uW/cm^2,12/100,450,0.0,500,0.0,550,0.0,570,0.0,600,1.0,650,0.9,near_infrared_spectrum,nm,uW/cm^2,12/100,610,0.0,680,0.0,730,0.0,760,0.0,810,0.0,860,0.0
0.1,Saturday,20210226T225745Z,hh.hhhh,22.9625,surface_temperature,C,7.2,1.0,air_temperature,C,9.0,0.3,relative_humidity,%,0,3,air_pressure,hPa,0,1,altitude_uncalibrated,m,-999,100,visible_spectrum,nm,uW/cm^2,12/100,450,3.6,500,3.9,550,3.6,570,3.0,600,4.1,650,4.5,near_infrared_spectrum,nm,uW/cm^2,12/100,610,0.0,680,0.0,730,0.0,760,0.0,810,0.0,860,0.0
0.1,Saturday,20210226T225746Z,hh.hhhh,22.9628,surface_temperature,C,6.7,1.0,air_temperature,C,8.9,0.3,relative_humidity,%,0,3,air_pressure,hPa,0,1,altitude_uncalibrated,m,-999,100,visible_spectrum,nm,uW/cm^2,12/100,450,2.4,500,2.6,550,2.4,570,3.0,600,3.1,650,2.7,near_infrared_spectrum,nm,uW/cm^2,12/100,610,0.0,680,0.0,730,1.1,760,1.0,810,1.0,860,0.0
0.1,Saturday,20210226T225747Z,hh.hhhh,22.9631,surface_temperature,C,6.5,1.0,air_temperature,C,8.8,0.3,relative_humidity,%,0,3,air_pressure,hPa,0,1,altitude_uncalibrated,m,-999,100,visible_spectrum,nm,uW/cm^2,12/100,450,2.4,500,3.9,550,3.6,570,3.0,600,3.1,650,3.6,near_infrared_spectrum,nm,uW/cm^2,12/100,610,0.0,680,0.0,730,1.1,760,1.0,810,1.0,860,1.2
0.1,Saturday,20210226T225748Z,hh.hhhh,22.9633,surface_temperature,C,6.4,1.0,air_temperature,C,8.8,0.3,relative_humidity,%,0,3,air_pressure,hPa,0,1,altitude_uncalibrated,m,-999,100,visible_spectrum,nm,uW/cm^2,12/100,450,2.4,500,2.6,550,3.6,570,3.0,600,3.1,650,2.7,near_infrared_spectrum,nm,uW/cm^2,12/100,610,0.0,680,0.0,730,1.1,760,1.0,810,1.0,860,1.2
0.1,Saturday,20210226T225749Z,hh.hhhh,22.9636,surface_temperature,C,6.4,1.0,air_temperature,C,8.6,0.3,relative_humidity,%,0,3,air_pressure,hPa,0,1,altitude_uncalibrated,m,-999,100,visible_spectrum,nm,uW/cm^2,12/100,450,2.4,500,2.6,550,3.6,570,3.0,600,3.1,650,2.7,near_infrared_spectrum,nm,uW/cm^2,12/100,610,0.0,680,0.0,730,1.1,760,1.0,810,1.0,860,1.2
0.1,Saturday,20210226T225750Z,hh.hhhh,22.9639,surface_temperature,C,6.5,1.0,air_temperature,C,8.6,0.3,relative_humidity,%,0,3,air_pressure,hPa,0,1,altitude_uncalibrated,m,-999,100,visible_spectrum,nm,uW/cm^2,12/100,450,2.4,500,2.6,550,3.6,570,3.0,600,3.1,650,2.7,near_infrared_spectrum,nm,uW/cm^2,12/100,610,0.0,680,0.0,730,1.1,760,1.0,810,1.0,860,1.2
0.1,Saturday,20210226T225751Z,hh.hhhh,22.9642,surface_temperature,C,6.4,1.0,air_temperature,C,8.4,0.3,relative_humidity,%,0,3,air_pressure,hPa,0,1,altitude_uncalibrated,m,-999,100,visible_spectrum,nm,uW/cm^2,12/100,450,2.4,500,3.9,550,3.6,570,3.0,600,3.1,650,2.7,near_infrared_spectrum,nm,uW/cm^2,12/100,610,0.0,680,0.0,730,1.1,760,1.0,810,1.0,860,1.2
0.1,Saturday,20210226T225752Z,hh.hhhh,22.9644,surface_temperature,C,6.6,1.0,air_temperature,C,8.4,0.3,relative_humidity,%,0,3,air_pressure,hPa,0,1,altitude_uncalibrated,m,-999,100,visible_spectrum,nm,uW/cm^2,12/100,450,3.6,500,3.9,550,3.6,570,3.0,600,3.1,650,2.7,near_infrared_spectrum,nm,uW/cm^2,12/100,610,0.0,680,0.0,730,1.1,760,1.0,810,1.0,860,1.2
0.1,Saturday,20210226T225753Z,hh.hhhh,22.9647,surface_temperature,C,6.6,1.0,air_temperature,C,8.4,0.3,relative_humidity,%,0,3,air_pressure,hPa,0,1,altitude_uncalibrated,m,-999,100,visible_spectrum,nm,uW/cm^2,12/100,450,3.6,500,3.9,550,3.6,570,3.0,600,3.1,650,2.7,near_infrared_spectrum,nm,uW/cm^2,12/100,610,0.0,680,1.1,730,1.1,760,1.0,810,1.0,860,1.2
0.1,Saturday,20210226T225754Z,hh.hhhh,22.965,surface_temperature,C,6.6,1.0,air_temperature,C,8.3,0.3,relative_humidity,%,0,3,air_pressure,hPa,0,1,altitude_uncalibrated,m,-999,100,visible_spectrum,nm,uW/cm^2,12/100,450,3.6,500,5.2,550,3.6,570,3.0,600,3.1,650,3.6,near_infrared_spectrum,nm,uW/cm^2,12/100,610,0.0,680,1.1,730,1.1,760,1.0,810,1.0,860,1.2
0.1,Saturday,20210226T225755Z,hh.hhhh,22.9653,surface_temperature,C,6.9,1.0,air_temperature,C,8.2,0.3,relative_humidity,%,0,3,air_pressure,hPa,0,1,altitude_uncalibrated,m,-999,100,visible_spectrum,nm,uW/cm^2,12/100,450,3.6,500,5.2,550,3.6,570,3.0,600,3.1,650,3.6,near_infrared_spectrum,nm,uW/cm^2,12/100,610,0.0,680,1.1,730,1.1,760,1.0,810,1.0,860,1.2
0.1,Saturday,20210226T225756Z,hh.hhhh,22.9656,surface_temperature,C,6.6,1.0,air_temperature,C,8.1,0.3,relative_humidity,%,0,3,air_pressure,hPa,0,1,altitude_uncalibrated,m,-999,100,visible_spectrum,nm,uW/cm^2,12/100,450,4.8,500,5.2,550,3.6,570,3.0,600,3.1,650,3.6,near_infrared_spectrum,nm,uW/cm^2,12/100,610,0.0,680,1.1,730,1.1,760,1.0,810,1.0,860,1.2
0.1,Saturday,20210226T225757Z,hh.hhhh,22.9658,surface_temperature,C,6.5,1.0,air_temperature,C,8.2,0.3,relative_humidity,%,0,3,air_pressure,hPa,0,1,altitude_uncalibrated,m,-999,100,visible_spectrum,nm,uW/cm^2,12/100,450,4.8,500,5.2,550,3.6,570,3.0,600,3.1,650,3.6,near_infrared_spectrum,nm,uW/cm^2,12/100,610,0.0,680,1.1,730,1.1,760,1.0,810,1.0,860,1.2
0.1,Saturday,20210226T225758Z,hh.hhhh,22.9661,surface_temperature,C,6.1,1.0,air_temperature,C,8.1,0.3,relative_humidity,%,0,3,air_pressure,hPa,0,1,altitude_uncalibrated,m,-999,100,visible_spectrum,nm,uW/cm^2,12/100,450,3.6,500,5.2,550,3.6,570,3.0,600,3.1,650,4.5,near_infrared_spectrum,nm,uW/cm^2,12/100,610,0.0,680,1.1,730,1.1,760,1.0,810,1.0,860,1.2
0.1,Saturday,20210226T225759Z,hh.hhhh,22.9664,surface_temperature,C,5.8,1.0,air_temperature,C,8.1,0.3,relative_humidity,%,0,3,air_pressure,hPa,0,1,altitude_uncalibrated,m,-999,100,visible_spectrum,nm,uW/cm^2,12/100,450,3.6,500,6.5,550,3.6,570,3.0,600,3.1,650,3.6,near_infrared_spectrum,nm,uW/cm^2,12/100,610,0.0,680,1.1,730,1.1,760,1.0,810,1.0,860,1.2
0.1,Saturday,20210226T225800Z,hh.hhhh,22.9667,surface_temperature,C,6.2,1.0,air_temperature,C,8.0,0.3,relative_humidity,%,0,3,air_pressure,hPa,0,1,altitude_uncalibrated,m,-999,100,visible_spectrum,nm,uW/cm^2,12/100,450,3.6,500,5.2,550,3.6,570,3.0,600,3.1,650,3.6,near_infrared_spectrum,nm,uW/cm^2,12/100,610,0.0,680,1.1,730,1.1,760,1.0,810,1.0,860,1.2
0.1,Saturday,20210226T225801Z,hh.hhhh,22.9669,surface_temperature,C,6.4,1.0,air_temperature,C,8.0,0.3,relative_humidity,%,0,3,air_pressure,hPa,0,1,altitude_uncalibrated,m,-999,100,visible_spectrum,nm,uW/cm^2,12/100,450,3.6,500,5.2,550,3.6,570,3.0,600,3.1,650,2.7,near_infrared_spectrum,nm,uW/cm^2,12/100,610,0.0,680,1.1,730,1.1,760,1.0,810,1.0,860,1.2
0.1,Saturday,20210226T225802Z,hh.hhhh,22.9672,surface_temperature,C,6.6,1.0,air_temperature,C,7.9,0.3,relative_humidity,%,0,3,air_pressure,hPa,0,1,altitude_uncalibrated,m,-999,100,visible_spectrum,nm,uW/cm^2,12/100,450,3.6,500,3.9,550,3.6,570,3.0,600,3.1,650,2.7,near_infrared_spectrum,nm,uW/cm^2,12/100,610,0.0,680,1.1,730,1.1,760,1.0,810,1.0,860,1.2
0.1,Saturday,20210226T225803Z,hh.hhhh,22.9675,surface_temperature,C,6.7,1.0,air_temperature,C,7.9,0.3,relative_humidity,%,0,3,air_pressure,hPa,0,1,altitude_uncalibrated,m,-999,100,visible_spectrum,nm,uW/cm^2,12/100,450,3.6,500,3.9,550,3.6,570,3.0,600,3.1,650,2.7,near_infrared_spectrum,nm,uW/cm^2,12/100,610,0.0,680,1.1,730,1.1,760,1.0,810,1.0,860,1.2
0.1,Saturday,20210226T225804Z,hh.hhhh,22.9678,surface_temperature,C,6.3,1.0,air_temperature,C,7.9,0.3,relative_humidity,%,0,3,air_pressure,hPa,0,1,altitude_uncalibrated,m,-999,100,visible_spectrum,nm,uW/cm^2,12/100,450,3.6,500,3.9,550,3.6,570,3.0,600,3.1,650,2.7,near_infrared_spectrum,nm,uW/cm^2,12/100,610,0.0,680,1.1,730,1.1,760,1.0,810,1.0,860,1.2
0.1,Saturday,20210226T225805Z,hh.hhhh,22.9681,surface_temperature,C,5.7,1.0,air_temperature,C,7.8,0.3,relative_humidity,%,0,3,air_pressure,hPa,0,1,altitude_uncalibrated,m,-999,100,visible_spectrum,nm,uW/cm^2,12/100,450,2.4,500,3.9,550,3.6,570,3.0,600,3.1,650,2.7,near_infrared_spectrum,nm,uW/cm^2,12/100,610,0.0,680,1.1,730,1.1,760,1.0,810,1.0,860,1.2
0.1,Saturday,20210226T225806Z,hh.hhhh,22.9683,surface_temperature,C,5.7,1.0,air_temperature,C,7.8,0.3,relative_humidity,%,0,3,air_pressure,hPa,0,1,altitude_uncalibrated,m,-999,100,visible_spectrum,nm,uW/cm^2,12/100,450,2.4,500,2.6,550,3.6,570,3.0,600,2.0,650,2.7,near_infrared_spectrum,nm,uW/cm^2,12/100,610,0.0,680,0.0,730,1.1,760,1.0,810,1.0,860,1.2
0.1,Saturday,20210226T225807Z,hh.hhhh,22.9686,surface_temperature,C,6.1,1.0,air_temperature,C,7.8,0.3,relative_humidity,%,0,3,air_pressure,hPa,0,1,altitude_uncalibrated,m,-999,100,visible_spectrum,nm,uW/cm^2,12/100,450,2.4,500,2.6,550,3.6,570,3.0,600,2.0,650,1.8,near_infrared_spectrum,nm,uW/cm^2,12/100,610,0.0,680,0.0,730,1.1,760,1.0,810,1.0,860,1.2
0.1,Saturday,20210226T225808Z,hh.hhhh,22.9689,surface_temperature,C,5.9,1.0,air_temperature,C,7.8,0.3,relative_humidity,%,0,3,air_pressure,hPa,0,1,altitude_uncalibrated,m,-999,100,visible_spectrum,nm,uW/cm^2,12/100,450,2.4,500,3.9,550,3.6,570,3.0,600,2.0,650,2.7,near_infrared_spectrum,nm,uW/cm^2,12/100,610,0.0,680,0.0,730,1.1,760,1.0,810,1.0,860,1.2
0.1,Saturday,20210226T225809Z,hh.hhhh,22.9692,surface_temperature,C,5.6,1.0,air_temperature,C,7.8,0.3,relative_humidity,%,0,3,air_pressure,hPa,0,1,altitude_uncalibrated,m,-999,100,visible_spectrum,nm,uW/cm^2,12/100,450,2.4,500,3.9,550,3.6,570,3.0,600,2.0,650,2.7,near_infrared_spectrum,nm,uW/cm^2,12/100,610,0.0,680,0.0,730,1.1,760,1.0,810,1.0,860,1.2
0.1,Saturday,20210226T225810Z,hh.hhhh,22.9694,surface_temperature,C,5.9,1.0,air_temperature,C,7.8,0.3,relative_humidity,%,0,3,air_pressure,hPa,0,1,altitude_uncalibrated,m,-999,100,visible_spectrum,nm,uW/cm^2,12/100,450,2.4,500,3.9,550,3.6,570,3.0,600,2.0,650,2.7,near_infrared_spectrum,nm,uW/cm^2,12/100,610,0.0,680,0.0,730,1.1,760,1.0,810,1.0,860,1.2
0.1,Saturday,20210226T225811Z,hh.hhhh,22.9697,surface_temperature,C,5.3,1.0,air_temperature,C,7.7,0.3,relative_humidity,%,0,3,air_pressure,hPa,0,1,altitude_uncalibrated,m,-999,100,visible_spectrum,nm,uW/cm^2,12/100,450,2.4,500,5.2,550,3.6,570,3.0,600,2.0,650,2.7,near_infrared_spectrum,nm,uW/cm^2,12/100,610,0.0,680,0.0,730,1.1,760,1.0,810,1.0,860,1.2
0.1,Saturday,20210226T225812Z,hh.hhhh,22.97,surface_temperature,C,4.7,1.0,air_temperature,C,7.8,0.3,relative_humidity,%,0,3,air_pressure,hPa,0,1,altitude_uncalibrated,m,-999,100,visible_spectrum,nm,uW/cm^2,12/100,450,4.8,500,7.7,550,3.6,570,3.0,600,2.0,650,6.2,near_infrared_spectrum,nm,uW/cm^2,12/100,610,1.4,680,0.0,730,1.1,760,1.0,810,1.0,860,1.2
0.1,Saturday,20210226T225813Z,hh.hhhh,22.9703,surface_temperature,C,5.1,1.0,air_temperature,C,7.7,0.3,relative_humidity,%,0,3,air_pressure,hPa,0,1,altitude_uncalibrated,m,-999,100,visible_spectrum,nm,uW/cm^2,12/100,450,4.8,500,9.0,550,3.6,570,3.0,600,2.0,650,6.2,near_infrared_spectrum,nm,uW/cm^2,12/100,610,1.4,680,0.0,730,1.1,760,1.0,810,1.0,860,1.2
0.1,Saturday,20210226T225814Z,hh.hhhh,22.9706,surface_temperature,C,4.9,1.0,air_temperature,C,7.7,0.3,relative_humidity,%,0,3,air_pressure,hPa,0,1,altitude_uncalibrated,m,-999,100,visible_spectrum,nm,uW/cm^2,12/100,450,4.8,500,9.0,550,2.4,570,3.0,600,2.0,650,5.3,near_infrared_spectrum,nm,uW/cm^2,12/100,610,1.4,680,0.0,730,1.1,760,1.0,810,1.0,860,1.2
0.1,Saturday,20210226T225815Z,hh.hhhh,22.9708,surface_temperature,C,5.2,1.0,air_temperature,C,7.6,0.3,relative_humidity,%,0,3,air_pressure,hPa,0,1,altitude_uncalibrated,m,-999,100,visible_spectrum,nm,uW/cm^2,12/100,450,2.4,500,6.5,550,2.4,570,3.0,600,2.0,650,2.7,near_infrared_spectrum,nm,uW/cm^2,12/100,610,0.0,680,0.0,730,1.1,760,1.0,810,1.0,860,1.2
0.1,Saturday,20210226T225816Z,hh.hhhh,22.9711,surface_temperature,C,5.6,1.0,air_temperature,C,7.7,0.3,relative_humidity,%,0,3,air_pressure,hPa,0,1,altitude_uncalibrated,m,-999,100,visible_spectrum,nm,uW/cm^2,12/100,450,2.4,500,3.9,550,3.6,570,2.0,600,2.0,650,2.7,near_infrared_spectrum,nm,uW/cm^2,12/100,610,0.0,680,0.0,730,1.1,760,1.0,810,1.0,860,1.2
0.1,Saturday,20210226T225817Z,hh.hhhh,22.9714,surface_temperature,C,6.0,1.0,air_temperature,C,7.7,0.3,relative_humidity,%,0,3,air_pressure,hPa,0,1,altitude_uncalibrated,m,-999,100,visible_spectrum,nm,uW/cm^2,12/100,450,2.4,500,2.6,550,3.6,570,2.0,600,2.0,650,1.8,near_infrared_spectrum,nm,uW/cm^2,12/100,610,0.0,680,0.0,730,1.1,760,1.0,810,1.0,860,1.2
0.1,Saturday,20210226T225818Z,hh.hhhh,22.9717,surface_temperature,C,6.2,1.0,air_temperature,C,7.7,0.3,relative_humidity,%,0,3,air_pressure,hPa,0,1,altitude_uncalibrated,m,-999,100,visible_spectrum,nm,uW/cm^2,12/100,450,2.4,500,2.6,550,3.6,570,2.0,600,2.0,650,1.8,near_infrared_spectrum,nm,uW/cm^2,12/100,610,0.0,680,0.0,730,1.1,760,1.0,810,1.0,860,1.2
0.1,Saturday,20210226T225819Z,hh.hhhh,22.9719,surface_temperature,C,5.3,1.0,air_temperature,C,7.6,0.3,relative_humidity,%,0,3,air_pressure,hPa,0,1,altitude_uncalibrated,m,-999,100,visible_spectrum,nm,uW/cm^2,12/100,450,2.4,500,3.9,550,3.6,570,2.0,600,2.0,650,1.8,near_infrared_spectrum,nm,uW/cm^2,12/100,610,0.0,680,0.0,730,1.1,760,1.0,810,1.0,860,1.2
0.1,Saturday,20210226T225820Z,hh.hhhh,22.9722,surface_temperature,C,5.6,1.0,air_temperature,C,7.6,0.3,relative_humidity,%,0,3,air_pressure,hPa,0,1,altitude_uncalibrated,m,-999,100,visible_spectrum,nm,uW/cm^2,12/100,450,2.4,500,3.9,550,2.4,570,2.0,600,2.0,650,1.8,near_infrared_spectrum,nm,uW/cm^2,12/100,610,0.0,680,0.0,730,1.1,760,1.0,810,1.0,860,1.2
0.1,Saturday,20210226T225821Z,hh.hhhh,22.9725,surface_temperature,C,5.8,1.0,air_temperature,C,7.7,0.3,relative_humidity,%,0,3,air_pressure,hPa,0,1,altitude_uncalibrated,m,-999,100,visible_spectrum,nm,uW/cm^2,12/100,450,2.4,500,3.9,550,3.6,570,2.0,600,2.0,650,1.8,near_infrared_spectrum,nm,uW/cm^2,12/100,610,0.0,680,0.0,730,1.1,760,1.0,810,1.0,860,1.2
0.1,Saturday,20210226T225822Z,hh.hhhh,22.9728,surface_temperature,C,5.9,1.0,air_temperature,C,7.6,0.3,relative_humidity,%,0,3,air_pressure,hPa,0,1,altitude_uncalibrated,m,-999,100,visible_spectrum,nm,uW/cm^2,12/100,450,2.4,500,2.6,550,3.6,570,2.0,600,2.0,650,1.8,near_infrared_spectrum,nm,uW/cm^2,12/100,610,0.0,680,0.0,730,1.1,760,1.0,810,1.0,860,1.2
0.1,Saturday,20210226T225823Z,hh.hhhh,22.9731,surface_temperature,C,5.7,1.0,air_temperature,C,7.6,0.3,relative_humidity,%,0,3,air_pressure,hPa,0,1,altitude_uncalibrated,m,-999,100,visible_spectrum,nm,uW/cm^2,12/100,450,2.4,500,3.9,550,3.6,570,2.0,600,2.0,650,2.7,near_infrared_spectrum,nm,uW/cm^2,12/100,610,0.0,680,0.0,730,1.1,760,1.0,810,1.0,860,1.2
0.1,Saturday,20210226T225824Z,hh.hhhh,22.9733,surface_temperature,C,4.7,1.0,air_temperature,C,7.6,0.3,relative_humidity,%,0,3,air_pressure,hPa,0,1,altitude_uncalibrated,m,-999,100,visible_spectrum,nm,uW/cm^2,12/100,450,2.4,500,3.9,550,2.4,570,2.0,600,2.0,650,1.8,near_infrared_spectrum,nm,uW/cm^2,12/100,610,0.0,680,0.0,730,1.1,760,1.0,810,1.0,860,1.2
0.1,Saturday,20210226T225825Z,hh.hhhh,22.9736,surface_temperature,C,4.7,1.0,air_temperature,C,7.6,0.3,relative_humidity,%,0,3,air_pressure,hPa,0,1,altitude_uncalibrated,m,-999,100,visible_spectrum,nm,uW/cm^2,12/100,450,2.4,500,2.6,550,2.4,570,2.0,600,2.0,650,1.8,near_infrared_spectrum,nm,uW/cm^2,12/100,610,0.0,680,0.0,730,1.1,760,1.0,810,1.0,860,1.2
0.1,Saturday,20210226T225826Z,hh.hhhh,22.9739,surface_temperature,C,4.8,1.0,air_temperature,C,7.5,0.3,relative_humidity,%,0,3,air_pressure,hPa,0,1,altitude_uncalibrated,m,-999,100,visible_spectrum,nm,uW/cm^2,12/100,450,2.4,500,3.9,550,2.4,570,3.0,600,2.0,650,1.8,near_infrared_spectrum,nm,uW/cm^2,12/100,610,0.0,680,0.0,730,1.1,760,1.0,810,1.0,860,1.2
0.1,Saturday,20210226T225827Z,hh.hhhh,22.9742,surface_temperature,C,5.0,1.0,air_temperature,C,7.5,0.3,relative_humidity,%,0,3,air_pressure,hPa,0,1,altitude_uncalibrated,m,-999,100,visible_spectrum,nm,uW/cm^2,12/100,450,2.4,500,3.9,550,2.4,570,2.0,600,2.0,650,1.8,near_infrared_spectrum,nm,uW/cm^2,12/100,610,0.0,680,0.0,730,1.1,760,1.0,810,1.0,860,1.2
0.1,Saturday,20210226T225828Z,hh.hhhh,22.9744,surface_temperature,C,5.0,1.0,air_temperature,C,7.5,0.3,relative_humidity,%,0,3,air_pressure,hPa,0,1,altitude_uncalibrated,m,-999,100,visible_spectrum,nm,uW/cm^2,12/100,450,2.4,500,3.9,550,2.4,570,2.0,600,2.0,650,1.8,near_infrared_spectrum,nm,uW/cm^2,12/100,610,0.0,680,0.0,730,1.1,760,1.0,810,1.0,860,1.2
0.1,Saturday,20210226T225829Z,hh.hhhh,22.9747,surface_temperature,C,5.1,1.0,air_temperature,C,7.5,0.3,relative_humidity,%,0,3,air_pressure,hPa,0,1,altitude_uncalibrated,m,-999,100,visible_spectrum,nm,uW/cm^2,12/100,450,2.4,500,2.6,550,2.4,570,2.0,600,2.0,650,1.8,near_infrared_spectrum,nm,uW/cm^2,12/100,610,0.0,680,0.0,730,1.1,760,1.0,810,1.0,860,1.2
0.1,Saturday,20210226T225830Z,hh.hhhh,22.975,surface_temperature,C,5.0,1.0,air_temperature,C,7.4,0.3,relative_humidity,%,0,3,air_pressure,hPa,0,1,altitude_uncalibrated,m,-999,100,visible_spectrum,nm,uW/cm^2,12/100,450,2.4,500,2.6,550,3.6,570,2.0,600,2.0,650,1.8,near_infrared_spectrum,nm,uW/cm^2,12/100,610,0.0,680,0.0,730,1.1,760,1.0,810,1.0,860,1.2
0.1,Saturday,20210226T225831Z,hh.hhhh,22.9753,surface_temperature,C,5.1,1.0,air_temperature,C,7.4,0.3,relative_humidity,%,0,3,air_pressure,hPa,0,1,altitude_uncalibrated,m,-999,100,visible_spectrum,nm,uW/cm^2,12/100,450,2.4,500,2.6,550,2.4,570,2.0,600,2.0,650,1.8,near_infrared_spectrum,nm,uW/cm^2,12/100,610,0.0,680,0.0,730,1.1,760,1.0,810,1.0,860,1.2
0.1,Saturday,20210226T225832Z,hh.hhhh,22.9756,surface_temperature,C,4.7,1.0,air_temperature,C,7.5,0.3,relative_humidity,%,0,3,air_pressure,hPa,0,1,altitude_uncalibrated,m,-999,100,visible_spectrum,nm,uW/cm^2,12/100,450,2.4,500,2.6,550,2.4,570,2.0,600,2.0,650,1.8,near_infrared_spectrum,nm,uW/cm^2,12/100,610,0.0,680,0.0,730,1.1,760,1.0,810,1.0,860,1.2
0.1,Saturday,20210226T225833Z,hh.hhhh,22.9758,surface_temperature,C,4.3,1.0,air_temperature,C,7.4,0.3,relative_humidity,%,0,3,air_pressure,hPa,0,1,altitude_uncalibrated,m,-999,100,visible_spectrum,nm,uW/cm^2,12/100,450,2.4,500,3.9,550,2.4,570,3.0,600,2.0,650,1.8,near_infrared_spectrum,nm,uW/cm^2,12/100,610,0.0,680,0.0,730,1.1,760,1.0,810,1.0,860,1.2
0.1,Saturday,20210226T225834Z,hh.hhhh,22.9761,surface_temperature,C,4.0,1.0,air_temperature,C,7.4,0.3,relative_humidity,%,0,3,air_pressure,hPa,0,1,altitude_uncalibrated,m,-999,100,visible_spectrum,nm,uW/cm^2,12/100,450,2.4,500,2.6,550,2.4,570,2.0,600,2.0,650,1.8,near_infrared_spectrum,nm,uW/cm^2,12/100,610,0.0,680,0.0,730,1.1,760,1.0,810,1.0,860,1.2
0.1,Saturday,20210226T225835Z,hh.hhhh,22.9764,surface_temperature,C,4.2,1.0,air_temperature,C,7.4,0.3,relative_humidity,%,0,3,air_pressure,hPa,0,1,altitude_uncalibrated,m,-999,100,visible_spectrum,nm,uW/cm^2,12/100,450,1.2,500,2.6,550,2.4,570,2.0,600,1.0,650,1.8,near_infrared_spectrum,nm,uW/cm^2,12/100,610,0.0,680,0.0,730,1.1,760,1.0,810,1.0,860,0.0
0.1,Saturday,20210226T225836Z,hh.hhhh,22.9767,surface_temperature,C,5.1,1.0,air_temperature,C,7.4,0.3,relative_humidity,%,0,3,air_pressure,hPa,0,1,altitude_uncalibrated,m,-999,100,visible_spectrum,nm,uW/cm^2,12/100,450,2.4,500,2.6,550,2.4,570,2.0,600,2.0,650,1.8,near_infrared_spectrum,nm,uW/cm^2,12/100,610,0.0,680,0.0,730,1.1,760,1.0,810,1.0,860,0.0
0.1,Saturday,20210226T225837Z,hh.hhhh,22.9769,surface_temperature,C,5.0,1.0,air_temperature,C,7.4,0.3,relative_humidity,%,0,3,air_pressure,hPa,0,1,altitude_uncalibrated,m,-999,100,visible_spectrum,nm,uW/cm^2,12/100,450,2.4,500,2.6,550,1.2,570,1.0,600,1.0,650,1.8,near_infrared_spectrum,nm,uW/cm^2,12/100,610,0.0,680,0.0,730,0.0,760,0.0,810,1.0,860,0.0
0.1,Saturday,20210226T225838Z,hh.hhhh,22.9772,surface_temperature,C,5.2,1.0,air_temperature,C,7.4,0.3,relative_humidity,%,0,3,air_pressure,hPa,0,1,altitude_uncalibrated,m,-999,100,visible_spectrum,nm,uW/cm^2,12/100,450,1.2,500,1.3,550,1.2,570,1.0,600,1.0,650,0.9,near_infrared_spectrum,nm,uW/cm^2,12/100,610,0.0,680,0.0,730,0.0,760,0.0,810,0.0,860,0.0
0.1,Saturday,20210226T225839Z,hh.hhhh,22.9775,surface_temperature,C,5.4,1.0,air_temperature,C,7.4,0.3,relative_humidity,%,0,3,air_pressure,hPa,0,1,altitude_uncalibrated,m,-999,100,visible_spectrum,nm,uW/cm^2,12/100,450,1.2,500,1.3,550,1.2,570,1.0,600,1.0,650,0.9,near_infrared_spectrum,nm,uW/cm^2,12/100,610,0.0,680,0.0,730,0.0,760,0.0,810,0.0,860,0.0
0.1,Saturday,20210226T225840Z,hh.hhhh,22.9778,surface_temperature,C,5.2,1.0,air_temperature,C,7.4,0.3,relative_humidity,%,0,3,air_pressure,hPa,0,1,altitude_uncalibrated,m,-999,100,visible_spectrum,nm,uW/cm^2,12/100,450,1.2,500,1.3,550,1.2,570,1.0,600,1.0,650,0.9,near_infrared_spectrum,nm,uW/cm^2,12/100,610,0.0,680,0.0,730,0.0,760,0.0,810,0.0,860,0.0
0.1,Saturday,20210226T225841Z,hh.hhhh,22.9781,surface_temperature,C,5.1,1.0,air_temperature,C,7.5,0.3,relative_humidity,%,0,3,air_pressure,hPa,0,1,altitude_uncalibrated,m,-999,100,visible_spectrum,nm,uW/cm^2,12/100,450,1.2,500,1.3,550,1.2,570,1.0,600,1.0,650,0.9,near_infrared_spectrum,nm,uW/cm^2,12/100,610,0.0,680,0.0,730,0.0,760,0.0,810,0.0,860,0.0
0.1,Saturday,20210226T225842Z,hh.hhhh,22.9783,surface_temperature,C,5.0,1.0,air_temperature,C,7.5,0.3,relative_humidity,%,0,3,air_pressure,hPa,0,1,altitude_uncalibrated,m,-999,100,visible_spectrum,nm,uW/cm^2,12/100,450,1.2,500,1.3,550,1.2,570,1.0,600,1.0,650,0.9,near_infrared_spectrum,nm,uW/cm^2,12/100,610,0.0,680,0.0,730,0.0,760,0.0,810,0.0,860,0.0
0.1,Saturday,20210226T225843Z,hh.hhhh,22.9786,surface_temperature,C,5.0,1.0,air_temperature,C,7.4,0.3,relative_humidity,%,0,3,air_pressure,hPa,0,1,altitude_uncalibrated,m,-999,100,visible_spectrum,nm,uW/cm^2,12/100,450,1.2,500,1.3,550,1.2,570,1.0,600,1.0,650,0.9,near_infrared_spectrum,nm,uW/cm^2,12/100,610,0.0,680,0.0,730,0.0,760,0.0,810,0.0,860,0.0
0.1,Saturday,20210226T225844Z,hh.hhhh,22.9789,surface_temperature,C,5.1,1.0,air_temperature,C,7.4,0.3,relative_humidity,%,0,3,air_pressure,hPa,0,1,altitude_uncalibrated,m,-999,100,visible_spectrum,nm,uW/cm^2,12/100,450,2.4,500,1.3,550,1.2,570,1.0,600,1.0,650,1.8,near_infrared_spectrum,nm,uW/cm^2,12/100,610,0.0,680,0.0,730,0.0,760,0.0,810,0.0,860,0.0
0.1,Saturday,20210226T225845Z,hh.hhhh,22.9792,surface_temperature,C,5.3,1.0,air_temperature,C,7.4,0.3,relative_humidity,%,0,3,air_pressure,hPa,0,1,altitude_uncalibrated,m,-999,100,visible_spectrum,nm,uW/cm^2,12/100,450,2.4,500,1.3,550,1.2,570,1.0,600,1.0,650,1.8,near_infrared_spectrum,nm,uW/cm^2,12/100,610,0.0,680,0.0,730,0.0,760,0.0,810,0.0,860,0.0
0.1,Saturday,20210226T225846Z,hh.hhhh,22.9794,surface_temperature,C,5.2,1.0,air_temperature,C,7.5,0.3,relative_humidity,%,0,3,air_pressure,hPa,0,1,altitude_uncalibrated,m,-999,100,visible_spectrum,nm,uW/cm^2,12/100,450,2.4,500,1.3,550,1.2,570,1.0,600,1.0,650,1.8,near_infrared_spectrum,nm,uW/cm^2,12/100,610,0.0,680,0.0,730,0.0,760,0.0,810,0.0,860,0.0
0.1,Saturday,20210226T225847Z,hh.hhhh,22.9797,surface_temperature,C,4.8,1.0,air_temperature,C,7.5,0.3,relative_humidity,%,0,3,air_pressure,hPa,0,1,altitude_uncalibrated,m,-999,100,visible_spectrum,nm,uW/cm^2,12/100,450,2.4,500,1.3,550,1.2,570,1.0,600,1.0,650,1.8,near_infrared_spectrum,nm,uW/cm^2,12/100,610,0.0,680,0.0,730,0.0,760,0.0,810,0.0,860,0.0
0.1,Saturday,20210226T225848Z,hh.hhhh,22.98,surface_temperature,C,4.7,1.0,air_temperature,C,7.4,0.3,relative_humidity,%,0,3,air_pressure,hPa,0,1,altitude_uncalibrated,m,-999,100,visible_spectrum,nm,uW/cm^2,12/100,450,2.4,500,1.3,550,1.2,570,1.0,600,1.0,650,1.8,near_infrared_spectrum,nm,uW/cm^2,12/100,610,0.0,680,0.0,730,0.0,760,0.0,810,0.0,860,0.0
0.1,Saturday,20210226T225849Z,hh.hhhh,22.9803,surface_temperature,C,4.4,1.0,air_temperature,C,7.4,0.3,relative_humidity,%,0,3,air_pressure,hPa,0,1,altitude_uncalibrated,m,-999,100,visible_spectrum,nm,uW/cm^2,12/100,450,2.4,500,1.3,550,2.4,570,1.0,600,1.0,650,1.8,near_infrared_spectrum,nm,uW/cm^2,12/100,610,0.0,680,0.0,730,0.0,760,0.0,810,0.0,860,0.0
0.1,Saturday,20210226T225850Z,hh.hhhh,22.9806,surface_temperature,C,4.3,1.0,air_temperature,C,7.4,0.3,relative_humidity,%,0,3,air_pressure,hPa,0,1,altitude_uncalibrated,m,-999,100,visible_spectrum,nm,uW/cm^2,12/100,450,2.4,500,1.3,550,2.4,570,2.0,600,2.0,650,1.8,near_infrared_spectrum,nm,uW/cm^2,12/100,610,0.0,680,0.0,730,0.0,760,0.0,810,0.0,860,0.0
0.1,Saturday,20210226T225851Z,hh.hhhh,22.9808,surface_temperature,C,5.2,1.0,air_temperature,C,7.4,0.3,relative_humidity,%,0,3,air_pressure,hPa,0,1,altitude_uncalibrated,m,-999,100,visible_spectrum,nm,uW/cm^2,12/100,450,1.2,500,1.3,550,1.2,570,1.0,600,1.0,650,1.8,near_infrared_spectrum,nm,uW/cm^2,12/100,610,0.0,680,0.0,730,0.0,760,0.0,810,0.0,860,0.0
0.1,Saturday,20210226T225852Z,hh.hhhh,22.9811,surface_temperature,C,4.9,1.0,air_temperature,C,7.4,0.3,relative_humidity,%,0,3,air_pressure,hPa,0,1,altitude_uncalibrated,m,-999,100,visible_spectrum,nm,uW/cm^2,12/100,450,0.0,500,0.0,550,0.0,570,0.0,600,0.0,650,0.0,near_infrared_spectrum,nm,uW/cm^2,12/100,610,0.0,680,0.0,730,0.0,760,0.0,810,0.0,860,0.0
0.1,Saturday,20210226T225853Z,hh.hhhh,22.9814,surface_temperature,C,5.0,1.0,air_temperature,C,7.4,0.3,relative_humidity,%,0,3,air_pressure,hPa,0,1,altitude_uncalibrated,m,-999,100,visible_spectrum,nm,uW/cm^2,12/100,450,0.0,500,0.0,550,0.0,570,0.0,600,0.0,650,0.0,near_infrared_spectrum,nm,uW/cm^2,12/100,610,0.0,680,0.0,730,0.0,760,0.0,810,0.0,860,0.0
0.1,Saturday,20210226T225854Z,hh.hhhh,22.9817,surface_temperature,C,4.4,1.0,air_temperature,C,7.4,0.3,relative_humidity,%,0,3,air_pressure,hPa,0,1,altitude_uncalibrated,m,-999,100,visible_spectrum,nm,uW/cm^2,12/100,450,0.0,500,0.0,550,0.0,570,0.0,600,0.0,650,0.0,near_infrared_spectrum,nm,uW/cm^2,12/100,610,0.0,680,0.0,730,0.0,760,0.0,810,0.0,860,0.0
0.1,Saturday,20210226T225855Z,hh.hhhh,22.9819,surface_temperature,C,5.0,1.0,air_temperature,C,7.4,0.3,relative_humidity,%,0,3,air_pressure,hPa,0,1,altitude_uncalibrated,m,-999,100,visible_spectrum,nm,uW/cm^2,12/100,450,0.0,500,0.0,550,0.0,570,0.0,600,0.0,650,0.0,near_infrared_spectrum,nm,uW/cm^2,12/100,610,0.0,680,0.0,730,0.0,760,0.0,810,0.0,860,0.0
0.1,Saturday,20210226T225856Z,hh.hhhh,22.9822,surface_temperature,C,4.9,1.0,air_temperature,C,7.3,0.3,relative_humidity,%,0,3,air_pressure,hPa,0,1,altitude_uncalibrated,m,-999,100,visible_spectrum,nm,uW/cm^2,12/100,450,0.0,500,0.0,550,0.0,570,0.0,600,0.0,650,0.0,near_infrared_spectrum,nm,uW/cm^2,12/100,610,0.0,680,0.0,730,0.0,760,0.0,810,0.0,860,0.0
0.1,Saturday,20210226T225857Z,hh.hhhh,22.9825,surface_temperature,C,4.7,1.0,air_temperature,C,7.4,0.3,relative_humidity,%,0,3,air_pressure,hPa,0,1,altitude_uncalibrated,m,-999,100,visible_spectrum,nm,uW/cm^2,12/100,450,0.0,500,0.0,550,0.0,570,0.0,600,0.0,650,0.0,near_infrared_spectrum,nm,uW/cm^2,12/100,610,0.0,680,0.0,730,0.0,760,0.0,810,0.0,860,0.0
1.X,Saturday,20210226T225930Z,hh.hhhh,22.9917,surface_temperature,C,5.7,1.0,air_temperature,C,7.2,0.3,relative_humidity,%,0,3,air_pressure,hPa,0,1,altitude_uncalibrated,m,-999,100,visible_spectrum,nm,uW/cm^2,12/100,450,0.0,500,0.0,550,0.0,570,0.0,600,0.0,650,0.0,near_infrared_spectrum,nm,uW/cm^2,12/100,610,0.0,680,0.0,730,0.0,760,0.0,810,0.0,860,0.0
1.X,Saturday,20210226T225931Z,hh.hhhh,22.9919,surface_temperature,C,5.7,1.0,air_temperature,C,7.2,0.3,relative_humidity,%,0,3,air_pressure,hPa,0,1,altitude_uncalibrated,m,-999,100,visible_spectrum,nm,uW/cm^2,12/100,450,0.0,500,0.0,550,0.0,570,0.0,600,0.0,650,0.0,near_infrared_spectrum,nm,uW/cm^2,12/100,610,0.0,680,0.0,730,0.0,760,0.0,810,0.0,860,0.0
1.X,Saturday,20210226T225932Z,hh.hhhh,22.9922,surface_temperature,C,5.8,1.0,air_temperature,C,7.2,0.3,relative_humidity,%,0,3,air_pressure,hPa,0,1,altitude_uncalibrated,m,-999,100,visible_spectrum,nm,uW/cm^2,12/100,450,0.0,500,0.0,550,0.0,570,0.0,600,0.0,650,0.0,near_infrared_spectrum,nm,uW/cm^2,12/100,610,0.0,680,0.0,730,0.0,760,0.0,810,0.0,860,0.0
1.X,Saturday,20210226T225933Z,hh.hhhh,22.9925,surface_temperature,C,5.4,1.0,air_temperature,C,7.2,0.3,relative_humidity,%,0,3,air_pressure,hPa,0,1,altitude_uncalibrated,m,-999,100,visible_spectrum,nm,uW/cm^2,12/100,450,0.0,500,0.0,550,0.0,570,0.0,600,0.0,650,0.0,near_infrared_spectrum,nm,uW/cm^2,12/100,610,0.0,680,0.0,730,0.0,760,0.0,810,0.0,860,0.0
1.X,Saturday,20210226T225934Z,hh.hhhh,22.9928,surface_temperature,C,5.7,1.0,air_temperature,C,7.2,0.3,relative_humidity,%,0,3,air_pressure,hPa,0,1,altitude_uncalibrated,m,-999,100,visible_spectrum,nm,uW/cm^2,12/100,450,0.0,500,0.0,550,0.0,570,0.0,600,0.0,650,0.0,near_infrared_spectrum,nm,uW/cm^2,12/100,610,0.0,680,0.0,730,0.0,760,0.0,810,0.0,860,0.0
1.X,Saturday,20210226T225935Z,hh.hhhh,22.993,surface_temperature,C,5.8,1.0,air_temperature,C,7.2,0.3,relative_humidity,%,0,3,air_pressure,hPa,0,1,altitude_uncalibrated,m,-999,100,visible_spectrum,nm,uW/cm^2,12/100,450,0.0,500,0.0,550,0.0,570,0.0,600,0.0,650,0.0,near_infrared_spectrum,nm,uW/cm^2,12/100,610,0.0,680,0.0,730,0.0,760,0.0,810,0.0,860,0.0
1.X,Saturday,20210226T225936Z,hh.hhhh,22.9933,surface_temperature,C,6.2,1.0,air_temperature,C,7.2,0.3,relative_humidity,%,0,3,air_pressure,hPa,0,1,altitude_uncalibrated,m,-999,100,visible_spectrum,nm,uW/cm^2,12/100,450,0.0,500,0.0,550,0.0,570,0.0,600,0.0,650,0.0,near_infrared_spectrum,nm,uW/cm^2,12/100,610,0.0,680,0.0,730,0.0,760,0.0,810,0.0,860,0.0
1.X,Saturday,20210226T225937Z,hh.hhhh,22.9936,surface_temperature,C,6.1,1.0,air_temperature,C,7.2,0.3,relative_humidity,%,0,3,air_pressure,hPa,0,1,altitude_uncalibrated,m,-999,100,visible_spectrum,nm,uW/cm^2,12/100,450,0.0,500,0.0,550,0.0,570,0.0,600,0.0,650,0.0,near_infrared_spectrum,nm,uW/cm^2,12/100,610,0.0,680,0.0,730,0.0,760,0.0,810,0.0,860,0.0
1.X,Saturday,20210226T225938Z,hh.hhhh,22.9939,surface_temperature,C,4.3,1.0,air_temperature,C,7.1,0.3,relative_humidity,%,0,3,air_pressure,hPa,0,1,altitude_uncalibrated,m,-999,100,visible_spectrum,nm,uW/cm^2,12/100,450,1.2,500,2.6,550,2.4,570,2.0,600,2.0,650,1.8,near_infrared_spectrum,nm,uW/cm^2,12/100,610,0.0,680,0.0,730,0.0,760,1.0,810,1.0,860,0.0
1.X,Saturday,20210226T225939Z,hh.hhhh,22.9942,surface_temperature,C,3.9,1.0,air_temperature,C,7.1,0.3,relative_humidity,%,0,3,air_pressure,hPa,0,1,altitude_uncalibrated,m,-999,100,visible_spectrum,nm,uW/cm^2,12/100,450,2.4,500,5.2,550,2.4,570,2.0,600,2.0,650,3.6,near_infrared_spectrum,nm,uW/cm^2,12/100,610,0.0,680,0.0,730,1.1,760,1.0,810,1.0,860,0.0
1.X,Saturday,20210226T225940Z,hh.hhhh,22.9944,surface_temperature,C,3.8,1.0,air_temperature,C,7.2,0.3,relative_humidity,%,0,3,air_pressure,hPa,0,1,altitude_uncalibrated,m,-999,100,visible_spectrum,nm,uW/cm^2,12/100,450,2.4,500,2.6,550,2.4,570,2.0,600,2.0,650,2.7,near_infrared_spectrum,nm,uW/cm^2,12/100,610,0.0,680,0.0,730,1.1,760,1.0,810,1.0,860,0.0
1.X,Saturday,20210226T225941Z,hh.hhhh,22.9947,surface_temperature,C,4.3,1.0,air_temperature,C,7.2,0.3,relative_humidity,%,0,3,air_pressure,hPa,0,1,altitude_uncalibrated,m,-999,100,visible_spectrum,nm,uW/cm^2,12/100,450,3.6,500,3.9,550,2.4,570,2.0,600,2.0,650,2.7,near_infrared_spectrum,nm,uW/cm^2,12/100,610,0.0,680,0.0,730,1.1,760,1.0,810,1.0,860,1.2
1.X,Saturday,20210226T225942Z,hh.hhhh,22.995,surface_temperature,C,3.5,1.0,air_temperature,C,7.2,0.3,relative_humidity,%,0,3,air_pressure,hPa,0,1,altitude_uncalibrated,m,-999,100,visible_spectrum,nm,uW/cm^2,12/100,450,3.6,500,3.9,550,4.7,570,3.0,600,2.0,650,1.8,near_infrared_spectrum,nm,uW/cm^2,12/100,610,0.0,680,0.0,730,1.1,760,1.0,810,1.0,860,1.2
1.X,Saturday,20210226T225943Z,hh.hhhh,22.9953,surface_temperature,C,3.6,1.0,air_temperature,C,7.3,0.3,relative_humidity,%,0,3,air_pressure,hPa,0,1,altitude_uncalibrated,m,-999,100,visible_spectrum,nm,uW/cm^2,12/100,450,4.8,500,3.9,550,7.1,570,4.0,600,3.1,650,1.8,near_infrared_spectrum,nm,uW/cm^2,12/100,610,0.0,680,1.1,730,1.1,760,1.0,810,1.0,860,1.2
1.X,Saturday,20210226T225944Z,hh.hhhh,22.9956,surface_temperature,C,3.4,1.0,air_temperature,C,7.3,0.3,relative_humidity,%,0,3,air_pressure,hPa,0,1,altitude_uncalibrated,m,-999,100,visible_spectrum,nm,uW/cm^2,12/100,450,6.0,500,3.9,550,8.3,570,4.0,600,4.1,650,1.8,near_infrared_spectrum,nm,uW/cm^2,12/100,610,0.0,680,1.1,730,1.1,760,1.0,810,1.0,860,1.2
1.X,Saturday,20210226T225945Z,hh.hhhh,22.9958,surface_temperature,C,3.5,1.0,air_temperature,C,7.3,0.3,relative_humidity,%,0,3,air_pressure,hPa,0,1,altitude_uncalibrated,m,-999,100,visible_spectrum,nm,uW/cm^2,12/100,450,7.2,500,3.9,550,5.9,570,3.0,600,5.1,650,1.8,near_infrared_spectrum,nm,uW/cm^2,12/100,610,0.0,680,1.1,730,1.1,760,1.0,810,1.0,860,0.0
1.X,Saturday,20210226T225946Z,hh.hhhh,22.9961,surface_temperature,C,3.8,1.0,air_temperature,C,7.4,0.3,relative_humidity,%,0,3,air_pressure,hPa,0,1,altitude_uncalibrated,m,-999,100,visible_spectrum,nm,uW/cm^2,12/100,450,6.0,500,3.9,550,5.9,570,3.0,600,5.1,650,1.8,near_infrared_spectrum,nm,uW/cm^2,12/100,610,0.0,680,1.1,730,1.1,760,1.0,810,1.0,860,0.0
1.X,Saturday,20210226T225947Z,hh.hhhh,22.9964,surface_temperature,C,3.9,1.0,air_temperature,C,7.4,0.3,relative_humidity,%,0,3,air_pressure,hPa,0,1,altitude_uncalibrated,m,-999,100,visible_spectrum,nm,uW/cm^2,12/100,450,3.6,500,2.6,550,5.9,570,3.0,600,3.1,650,1.8,near_infrared_spectrum,nm,uW/cm^2,12/100,610,0.0,680,0.0,730,1.1,760,1.0,810,1.0,860,0.0
1.X,Saturday,20210226T225948Z,hh.hhhh,22.9967,surface_temperature,C,4.1,1.0,air_temperature,C,7.3,0.3,relative_humidity,%,0,3,air_pressure,hPa,0,1,altitude_uncalibrated,m,-999,100,visible_spectrum,nm,uW/cm^2,12/100,450,3.6,500,2.6,550,5.9,570,3.0,600,3.1,650,1.8,near_infrared_spectrum,nm,uW/cm^2,12/100,610,0.0,680,0.0,730,1.1,760,1.0,810,1.0,860,0.0
1.X,Saturday,20210226T225949Z,hh.hhhh,22.9969,surface_temperature,C,3.8,1.0,air_temperature,C,7.4,0.3,relative_humidity,%,0,3,air_pressure,hPa,0,1,altitude_uncalibrated,m,-999,100,visible_spectrum,nm,uW/cm^2,12/100,450,2.4,500,2.6,550,4.7,570,2.0,600,3.1,650,1.8,near_infrared_spectrum,nm,uW/cm^2,12/100,610,0.0,680,0.0,730,1.1,760,1.0,810,1.0,860,0.0
1.X,Saturday,20210226T225950Z,hh.hhhh,22.9972,surface_temperature,C,4.4,1.0,air_temperature,C,7.3,0.3,relative_humidity,%,0,3,air_pressure,hPa,0,1,altitude_uncalibrated,m,-999,100,visible_spectrum,nm,uW/cm^2,12/100,450,2.4,500,2.6,550,2.4,570,2.0,600,2.0,650,1.8,near_infrared_spectrum,nm,uW/cm^2,12/100,610,0.0,680,0.0,730,1.1,760,1.0,810,1.0,860,0.0
1.X,Saturday,20210226T225951Z,hh.hhhh,22.9975,surface_temperature,C,3.7,1.0,air_temperature,C,7.4,0.3,relative_humidity,%,0,3,air_pressure,hPa,0,1,altitude_uncalibrated,m,-999,100,visible_spectrum,nm,uW/cm^2,12/100,450,2.4,500,2.6,550,3.6,570,2.0,600,2.0,650,1.8,near_infrared_spectrum,nm,uW/cm^2,12/100,610,0.0,680,0.0,730,1.1,760,1.0,810,1.0,860,0.0
1.X,Saturday,20210226T225952Z,hh.hhhh,22.9978,surface_temperature,C,4.0,1.0,air_temperature,C,7.4,0.3,relative_humidity,%,0,3,air_pressure,hPa,0,1,altitude_uncalibrated,m,-999,100,visible_spectrum,nm,uW/cm^2,12/100,450,2.4,500,2.6,550,4.7,570,2.0,600,2.0,650,1.8,near_infrared_spectrum,nm,uW/cm^2,12/100,610,0.0,680,0.0,730,1.1,760,1.0,810,1.0,860,0.0
1.X,Saturday,20210226T225953Z,hh.hhhh,22.998,surface_temperature,C,4.2,1.0,air_temperature,C,7.3,0.3,relative_humidity,%,0,3,air_pressure,hPa,0,1,altitude_uncalibrated,m,-999,100,visible_spectrum,nm,uW/cm^2,12/100,450,2.4,500,2.6,550,5.9,570,3.0,600,2.0,650,1.8,near_infrared_spectrum,nm,uW/cm^2,12/100,610,0.0,680,0.0,730,1.1,760,1.0,810,1.0,860,0.0
1.X,Saturday,20210226T225954Z,hh.hhhh,22.9983,surface_temperature,C,3.9,1.0,air_temperature,C,7.3,0.3,relative_humidity,%,0,3,air_pressure,hPa,0,1,altitude_uncalibrated,m,-999,100,visible_spectrum,nm,uW/cm^2,12/100,450,3.6,500,3.9,550,4.7,570,4.0,600,2.0,650,1.8,near_infrared_spectrum,nm,uW/cm^2,12/100,610,0.0,680,1.1,730,1.1,760,1.0,810,1.0,860,0.0
1.X,Saturday,20210226T225955Z,hh.hhhh,22.9986,surface_temperature,C,4.1,1.0,air_temperature,C,7.3,0.3,relative_humidity,%,0,3,air_pressure,hPa,0,1,altitude_uncalibrated,m,-999,100,visible_spectrum,nm,uW/cm^2,12/100,450,2.4,500,2.6,550,3.6,570,3.0,600,2.0,650,1.8,near_infrared_spectrum,nm,uW/cm^2,12/100,610,0.0,680,1.1,730,1.1,760,1.0,810,1.0,860,1.2
1.X,Saturday,20210226T225956Z,hh.hhhh,22.9989,surface_temperature,C,3.8,1.0,air_temperature,C,7.3,0.3,relative_humidity,%,0,3,air_pressure,hPa,0,1,altitude_uncalibrated,m,-999,100,visible_spectrum,nm,uW/cm^2,12/100,450,3.6,500,2.6,550,4.7,570,3.0,600,2.0,650,1.8,near_infrared_spectrum,nm,uW/cm^2,12/100,610,0.0,680,0.0,730,1.1,760,1.0,810,1.0,860,1.2
1.X,Saturday,20210226T225957Z,hh.hhhh,22.9992,surface_temperature,C,4.1,1.0,air_temperature,C,7.3,0.3,relative_humidity,%,0,3,air_pressure,hPa,0,1,altitude_uncalibrated,m,-999,100,visible_spectrum,nm,uW/cm^2,12/100,450,2.4,500,2.6,550,4.7,570,3.0,600,2.0,650,1.8,near_infrared_spectrum,nm,uW/cm^2,12/100,610,0.0,680,0.0,730,1.1,760,1.0,810,1.0,860,1.2
1.X,Saturday,20210226T225958Z,hh.hhhh,22.9994,surface_temperature,C,4.2,1.0,air_temperature,C,7.3,0.3,relative_humidity,%,0,3,air_pressure,hPa,0,1,altitude_uncalibrated,m,-999,100,visible_spectrum,nm,uW/cm^2,12/100,450,2.4,500,2.6,550,3.6,570,2.0,600,2.0,650,1.8,near_infrared_spectrum,nm,uW/cm^2,12/100,610,0.0,680,0.0,730,1.1,760,1.0,810,1.0,860,0.0
1.X,Saturday,20210226T225959Z,hh.hhhh,22.9997,surface_temperature,C,4.1,1.0,air_temperature,C,7.3,0.3,relative_humidity,%,0,3,air_pressure,hPa,0,1,altitude_uncalibrated,m,-999,100,visible_spectrum,nm,uW/cm^2,12/100,450,2.4,500,2.6,550,3.6,570,2.0,600,2.0,650,1.8,near_infrared_spectrum,nm,uW/cm^2,12/100,610,0.0,680,0.0,730,1.1,760,1.0,810,1.0,860,0.0
1.X,Saturday,20210226T230000Z,hh.hhhh,23.0,surface_temperature,C,4.1,1.0,air_temperature,C,7.3,0.3,relative_humidity,%,0,3,air_pressure,hPa,0,1,altitude_uncalibrated,m,-999,100,visible_spectrum,nm,uW/cm^2,12/100,450,2.4,500,2.6,550,3.6,570,2.0,600,2.0,650,1.8,near_infrared_spectrum,nm,uW/cm^2,12/100,610,0.0,680,0.0,730,1.1,760,1.0,810,1.0,860,0.0
1.X,Saturday,20210226T230001Z,hh.hhhh,23.0003,surface_temperature,C,4.4,1.0,air_temperature,C,7.3,0.3,relative_humidity,%,0,3,air_pressure,hPa,0,1,altitude_uncalibrated,m,-999,100,visible_spectrum,nm,uW/cm^2,12/100,450,2.4,500,2.6,550,2.4,570,2.0,600,2.0,650,1.8,near_infrared_spectrum,nm,uW/cm^2,12/100,610,0.0,680,0.0,730,1.1,760,1.0,810,1.0,860,0.0
1.X,Saturday,20210226T230002Z,hh.hhhh,23.0006,surface_temperature,C,4.4,1.0,air_temperature,C,7.3,0.3,relative_humidity,%,0,3,air_pressure,hPa,0,1,altitude_uncalibrated,m,-999,100,visible_spectrum,nm,uW/cm^2,12/100,450,2.4,500,2.6,550,2.4,570,2.0,600,2.0,650,0.9,near_infrared_spectrum,nm,uW/cm^2,12/100,610,0.0,680,0.0,730,1.1,760,1.0,810,1.0,860,0.0
1.X,Saturday,20210226T230003Z,hh.hhhh,23.0008,surface_temperature,C,3.8,1.0,air_temperature,C,7.3,0.3,relative_humidity,%,0,3,air_pressure,hPa,0,1,altitude_uncalibrated,m,-999,100,visible_spectrum,nm,uW/cm^2,12/100,450,2.4,500,2.6,550,3.6,570,2.0,600,2.0,650,1.8,near_infrared_spectrum,nm,uW/cm^2,12/100,610,0.0,680,0.0,730,1.1,760,1.0,810,1.0,860,0.0
1.X,Saturday,20210226T230004Z,hh.hhhh,23.0011,surface_temperature,C,3.9,1.0,air_temperature,C,7.4,0.3,relative_humidity,%,0,3,air_pressure,hPa,0,1,altitude_uncalibrated,m,-999,100,visible_spectrum,nm,uW/cm^2,12/100,450,3.6,500,2.6,550,5.9,570,3.0,600,3.1,650,1.8,near_infrared_spectrum,nm,uW/cm^2,12/100,610,0.0,680,0.0,730,1.1,760,1.0,810,1.0,860,0.0
1.X,Saturday,20210226T230005Z,hh.hhhh,23.0014,surface_temperature,C,3.4,1.0,air_temperature,C,7.4,0.3,relative_humidity,%,0,3,air_pressure,hPa,0,1,altitude_uncalibrated,m,-999,100,visible_spectrum,nm,uW/cm^2,12/100,450,4.8,500,6.5,550,7.1,570,5.0,600,4.1,650,2.7,near_infrared_spectrum,nm,uW/cm^2,12/100,610,0.0,680,0.0,730,1.1,760,1.0,810,1.0,860,1.2
1.X,Saturday,20210226T230006Z,hh.hhhh,23.0017,surface_temperature,C,2.9,1.0,air_temperature,C,7.3,0.3,relative_humidity,%,0,3,air_pressure,hPa,0,1,altitude_uncalibrated,m,-999,100,visible_spectrum,nm,uW/cm^2,12/100,450,9.5,500,9.0,550,10.7,570,7.0,600,7.2,650,3.6,near_infrared_spectrum,nm,uW/cm^2,12/100,610,0.0,680,1.1,730,1.1,760,1.0,810,1.0,860,1.2
1.X,Saturday,20210226T230007Z,hh.hhhh,23.0019,surface_temperature,C,3.1,1.0,air_temperature,C,7.4,0.3,relative_humidity,%,0,3,air_pressure,hPa,0,1,altitude_uncalibrated,m,-999,100,visible_spectrum,nm,uW/cm^2,12/100,450,16.7,500,14.2,550,10.7,570,9.0,600,8.2,650,7.1,near_infrared_spectrum,nm,uW/cm^2,12/100,610,0.0,680,1.1,730,1.1,760,1.0,810,1.0,860,1.2
1.X,Saturday,20210226T230008Z,hh.hhhh,23.0022,surface_temperature,C,2.9,1.0,air_temperature,C,7.3,0.3,relative_humidity,%,0,3,air_pressure,hPa,0,1,altitude_uncalibrated,m,-999,100,visible_spectrum,nm,uW/cm^2,12/100,450,17.9,500,15.5,550,8.3,570,8.0,600,8.2,650,8.9,near_infrared_spectrum,nm,uW/cm^2,12/100,610,1.4,680,1.1,730,1.1,760,1.0,810,1.0,860,1.2
1.X,Saturday,20210226T230009Z,hh.hhhh,23.0025,surface_temperature,C,3.2,1.0,air_temperature,C,7.3,0.3,relative_humidity,%,0,3,air_pressure,hPa,0,1,altitude_uncalibrated,m,-999,100,visible_spectrum,nm,uW/cm^2,12/100,450,17.9,500,12.9,550,9.5,570,7.0,600,8.2,650,8.0,near_infrared_spectrum,nm,uW/cm^2,12/100,610,1.4,680,1.1,730,1.1,760,1.0,810,1.0,860,1.2
1.X,Saturday,20210226T230010Z,hh.hhhh,23.0028,surface_temperature,C,3.2,1.0,air_temperature,C,7.3,0.3,relative_humidity,%,0,3,air_pressure,hPa,0,1,altitude_uncalibrated,m,-999,100,visible_spectrum,nm,uW/cm^2,12/100,450,14.3,500,14.2,550,9.5,570,7.0,600,6.1,650,8.9,near_infrared_spectrum,nm,uW/cm^2,12/100,610,1.4,680,1.1,730,1.1,760,1.0,810,1.0,860,1.2
1.X,Saturday,20210226T230011Z,hh.hhhh,23.0031,surface_temperature,C,2.9,1.0,air_temperature,C,7.4,0.3,relative_humidity,%,0,3,air_pressure,hPa,0,1,altitude_uncalibrated,m,-999,100,visible_spectrum,nm,uW/cm^2,12/100,450,9.5,500,12.9,550,10.7,570,7.0,600,6.1,650,7.1,near_infrared_spectrum,nm,uW/cm^2,12/100,610,1.4,680,1.1,730,1.1,760,1.0,810,1.0,860,1.2
1.X,Saturday,20210226T230012Z,hh.hhhh,23.0033,surface_temperature,C,3.1,1.0,air_temperature,C,7.3,0.3,relative_humidity,%,0,3,air_pressure,hPa,0,1,altitude_uncalibrated,m,-999,100,visible_spectrum,nm,uW/cm^2,12/100,450,13.1,500,11.6,550,10.7,570,9.0,600,8.2,650,6.2,near_infrared_spectrum,nm,uW/cm^2,12/100,610,1.4,680,1.1,730,1.1,760,1.0,810,1.0,860,1.2
1.X,Saturday,20210226T230013Z,hh.hhhh,23.0036,surface_temperature,C,3.3,1.0,air_temperature,C,7.4,0.3,relative_humidity,%,0,3,air_pressure,hPa,0,1,altitude_uncalibrated,m,-999,100,visible_spectrum,nm,uW/cm^2,12/100,450,11.9,500,14.2,550,4.7,570,6.0,600,4.1,650,7.1,near_infrared_spectrum,nm,uW/cm^2,12/100,610,1.4,680,1.1,730,1.1,760,1.0,810,1.0,860,1.2
1.X,Saturday,20210226T230014Z,hh.hhhh,23.0039,surface_temperature,C,4.4,1.0,air_temperature,C,7.4,0.3,relative_humidity,%,0,3,air_pressure,hPa,0,1,altitude_uncalibrated,m,-999,100,visible_spectrum,nm,uW/cm^2,12/100,450,3.6,500,3.9,550,3.6,570,3.0,600,3.1,650,2.7,near_infrared_spectrum,nm,uW/cm^2,12/100,610,1.4,680,0.0,730,1.1,760,0.0,810,1.0,860,1.2
1.X,Saturday,20210226T230015Z,hh.hhhh,23.0042,surface_temperature,C,4.6,1.0,air_temperature,C,7.4,0.3,relative_humidity,%,0,3,air_pressure,hPa,0,1,altitude_uncalibrated,m,-999,100,visible_spectrum,nm,uW/cm^2,12/100,450,3.6,500,3.9,550,3.6,570,2.0,600,2.0,650,2.7,near_infrared_spectrum,nm,uW/cm^2,12/100,610,0.0,680,0.0,730,0.0,760,0.0,810,1.0,860,0.0
1.X,Saturday,20210226T230016Z,hh.hhhh,23.0044,surface_temperature,C,3.9,1.0,air_temperature,C,7.3,0.3,relative_humidity,%,0,3,air_pressure,hPa,0,1,altitude_uncalibrated,m,-999,100,visible_spectrum,nm,uW/cm^2,12/100,450,2.4,500,5.2,550,3.6,570,4.0,600,2.0,650,2.7,near_infrared_spectrum,nm,uW/cm^2,12/100,610,0.0,680,0.0,730,1.1,760,1.0,810,0.0,860,1.2
1.X,Saturday,20210226T230017Z,hh.hhhh,23.0047,surface_temperature,C,4.3,1.0,air_temperature,C,7.4,0.3,relative_humidity,%,0,3,air_pressure,hPa,0,1,altitude_uncalibrated,m,-999,100,visible_spectrum,nm,uW/cm^2,12/100,450,2.4,500,2.6,550,2.4,570,2.0,600,2.0,650,1.8,near_infrared_spectrum,nm,uW/cm^2,12/100,610,0.0,680,0.0,730,1.1,760,1.0,810,1.0,860,1.2
1.X,Saturday,20210226T230018Z,hh.hhhh,23.005,surface_temperature,C,4.6,1.0,air_temperature,C,7.3,0.3,relative_humidity,%,0,3,air_pressure,hPa,0,1,altitude_uncalibrated,m,-999,100,visible_spectrum,nm,uW/cm^2,12/100,450,2.4,500,2.6,550,2.4,570,2.0,600,2.0,650,1.8,near_infrared_spectrum,nm,uW/cm^2,12/100,610,0.0,680,0.0,730,1.1,760,1.0,810,1.0,860,0.0
1.X,Saturday,20210226T230019Z,hh.hhhh,23.0053,surface_temperature,C,5.2,1.0,air_temperature,C,7.4,0.3,relative_humidity,%,0,3,air_pressure,hPa,0,1,altitude_uncalibrated,m,-999,100,visible_spectrum,nm,uW/cm^2,12/100,450,2.4,500,2.6,550,2.4,570,2.0,600,2.0,650,1.8,near_infrared_spectrum,nm,uW/cm^2,12/100,610,0.0,680,0.0,730,1.1,760,1.0,810,1.0,860,1.2
1.X,Saturday,20210226T230020Z,hh.hhhh,23.0056,surface_temperature,C,5.7,1.0,air_temperature,C,7.4,0.3,relative_humidity,%,0,3,air_pressure,hPa,0,1,altitude_uncalibrated,m,-999,100,visible_spectrum,nm,uW/cm^2,12/100,450,2.4,500,2.6,550,2.4,570,2.0,600,2.0,650,1.8,near_infrared_spectrum,nm,uW/cm^2,12/100,610,0.0,680,0.0,730,1.1,760,1.0,810,1.0,860,1.2
1.X,Saturday,20210226T230021Z,hh.hhhh,23.0058,surface_temperature,C,5.7,1.0,air_temperature,C,7.4,0.3,relative_humidity,%,0,3,air_pressure,hPa,0,1,altitude_uncalibrated,m,-999,100,visible_spectrum,nm,uW/cm^2,12/100,450,2.4,500,2.6,550,3.6,570,2.0,600,2.0,650,1.8,near_infrared_spectrum,nm,uW/cm^2,12/100,610,0.0,680,0.0,730,1.1,760,1.0,810,1.0,860,1.2
1.X,Saturday,20210226T230022Z,hh.hhhh,23.0061,surface_temperature,C,5.8,1.0,air_temperature,C,7.3,0.3,relative_humidity,%,0,3,air_pressure,hPa,0,1,altitude_uncalibrated,m,-999,100,visible_spectrum,nm,uW/cm^2,12/100,450,2.4,500,2.6,550,2.4,570,2.0,600,2.0,650,1.8,near_infrared_spectrum,nm,uW/cm^2,12/100,610,0.0,680,0.0,730,1.1,760,1.0,810,1.0,860,1.2
1.X,Saturday,20210226T230023Z,hh.hhhh,23.0064,surface_temperature,C,6.0,1.0,air_temperature,C,7.4,0.3,relative_humidity,%,0,3,air_pressure,hPa,0,1,altitude_uncalibrated,m,-999,100,visible_spectrum,nm,uW/cm^2,12/100,450,2.4,500,2.6,550,2.4,570,2.0,600,2.0,650,1.8,near_infrared_spectrum,nm,uW/cm^2,12/100,610,0.0,680,0.0,730,1.1,760,1.0,810,1.0,860,1.2
1.X,Saturday,20210226T230024Z,hh.hhhh,23.0067,surface_temperature,C,6.1,1.0,air_temperature,C,7.4,0.3,relative_humidity,%,0,3,air_pressure,hPa,0,1,altitude_uncalibrated,m,-999,100,visible_spectrum,nm,uW/cm^2,12/100,450,2.4,500,2.6,550,2.4,570,2.0,600,2.0,650,1.8,near_infrared_spectrum,nm,uW/cm^2,12/100,610,0.0,680,0.0,730,1.1,760,1.0,810,1.0,860,1.2
1.X,Saturday,20210226T230025Z,hh.hhhh,23.0069,surface_temperature,C,6.1,1.0,air_temperature,C,7.4,0.3,relative_humidity,%,0,3,air_pressure,hPa,0,1,altitude_uncalibrated,m,-999,100,visible_spectrum,nm,uW/cm^2,12/100,450,2.4,500,2.6,550,2.4,570,2.0,600,2.0,650,1.8,near_infrared_spectrum,nm,uW/cm^2,12/100,610,0.0,680,0.0,730,1.1,760,1.0,810,1.0,860,1.2
1.X,Saturday,20210226T230026Z,hh.hhhh,23.0072,surface_temperature,C,6.4,1.0,air_temperature,C,7.4,0.3,relative_humidity,%,0,3,air_pressure,hPa,0,1,altitude_uncalibrated,m,-999,100,visible_spectrum,nm,uW/cm^2,12/100,450,2.4,500,2.6,550,2.4,570,2.0,600,2.0,650,1.8,near_infrared_spectrum,nm,uW/cm^2,12/100,610,0.0,680,0.0,730,1.1,760,1.0,810,1.0,860,1.2
1.X,Saturday,20210226T230027Z,hh.hhhh,23.0075,surface_temperature,C,6.4,1.0,air_temperature,C,7.4,0.3,relative_humidity,%,0,3,air_pressure,hPa,0,1,altitude_uncalibrated,m,-999,100,visible_spectrum,nm,uW/cm^2,12/100,450,2.4,500,2.6,550,2.4,570,2.0,600,2.0,650,1.8,near_infrared_spectrum,nm,uW/cm^2,12/100,610,0.0,680,0.0,730,1.1,760,1.0,810,1.0,860,1.2
1.X,Saturday,20210226T230028Z,hh.hhhh,23.0078,surface_temperature,C,6.4,1.0,air_temperature,C,7.4,0.3,relative_humidity,%,0,3,air_pressure,hPa,0,1,altitude_uncalibrated,m,-999,100,visible_spectrum,nm,uW/cm^2,12/100,450,2.4,500,2.6,550,2.4,570,2.0,600,2.0,650,1.8,near_infrared_spectrum,nm,uW/cm^2,12/100,610,0.0,680,0.0,730,1.1,760,1.0,810,1.0,860,1.2
1.X,Saturday,20210226T230029Z,hh.hhhh,23.008,surface_temperature,C,6.4,1.0,air_temperature,C,7.4,0.3,relative_humidity,%,0,3,air_pressure,hPa,0,1,altitude_uncalibrated,m,-999,100,visible_spectrum,nm,uW/cm^2,12/100,450,2.4,500,2.6,550,2.4,570,2.0,600,2.0,650,1.8,near_infrared_spectrum,nm,uW/cm^2,12/100,610,0.0,680,0.0,730,1.1,760,1.0,810,1.0,860,1.2
1.X,Saturday,20210226T230030Z,hh.hhhh,23.0083,surface_temperature,C,6.5,1.0,air_temperature,C,7.4,0.3,relative_humidity,%,0,3,air_pressure,hPa,0,1,altitude_uncalibrated,m,-999,100,visible_spectrum,nm,uW/cm^2,12/100,450,2.4,500,2.6,550,2.4,570,2.0,600,2.0,650,1.8,near_infrared_spectrum,nm,uW/cm^2,12/100,610,0.0,680,0.0,730,1.1,760,1.0,810,1.0,860,1.2
1.X,Saturday,20210226T230031Z,hh.hhhh,23.0086,surface_temperature,C,6.5,1.0,air_temperature,C,7.4,0.3,relative_humidity,%,0,3,air_pressure,hPa,0,1,altitude_uncalibrated,m,-999,100,visible_spectrum,nm,uW/cm^2,12/100,450,2.4,500,2.6,550,2.4,570,2.0,600,2.0,650,1.8,near_infrared_spectrum,nm,uW/cm^2,12/100,610,0.0,680,0.0,730,1.1,760,1.0,810,1.0,860,1.2
1.X,Saturday,20210226T230032Z,hh.hhhh,23.0089,surface_temperature,C,6.2,1.0,air_temperature,C,7.4,0.3,relative_humidity,%,0,3,air_pressure,hPa,0,1,altitude_uncalibrated,m,-999,100,visible_spectrum,nm,uW/cm^2,12/100,450,2.4,500,2.6,550,2.4,570,2.0,600,2.0,650,1.8,near_infrared_spectrum,nm,uW/cm^2,12/100,610,0.0,680,0.0,730,1.1,760,1.0,810,1.0,860,1.2
1.X,Saturday,20210226T230033Z,hh.hhhh,23.0092,surface_temperature,C,6.6,1.0,air_temperature,C,7.4,0.3,relative_humidity,%,0,3,air_pressure,hPa,0,1,altitude_uncalibrated,m,-999,100,visible_spectrum,nm,uW/cm^2,12/100,450,2.4,500,2.6,550,2.4,570,2.0,600,2.0,650,1.8,near_infrared_spectrum,nm,uW/cm^2,12/100,610,0.0,680,0.0,730,1.1,760,1.0,810,1.0,860,1.2
1.X,Saturday,20210226T230034Z,hh.hhhh,23.0094,surface_temperature,C,6.5,1.0,air_temperature,C,7.4,0.3,relative_humidity,%,0,3,air_pressure,hPa,0,1,altitude_uncalibrated,m,-999,100,visible_spectrum,nm,uW/cm^2,12/100,450,2.4,500,2.6,550,2.4,570,2.0,600,2.0,650,1.8,near_infrared_spectrum,nm,uW/cm^2,12/100,610,0.0,680,0.0,730,1.1,760,1.0,810,1.0,860,1.2
1.X,Saturday,20210226T230035Z,hh.hhhh,23.0097,surface_temperature,C,6.3,1.0,air_temperature,C,7.4,0.3,relative_humidity,%,0,3,air_pressure,hPa,0,1,altitude_uncalibrated,m,-999,100,visible_spectrum,nm,uW/cm^2,12/100,450,2.4,500,3.9,550,3.6,570,3.0,600,2.0,650,2.7,near_infrared_spectrum,nm,uW/cm^2,12/100,610,0.0,680,0.0,730,1.1,760,1.0,810,1.0,860,1.2
1.X,Saturday,20210226T230036Z,hh.hhhh,23.01,surface_temperature,C,6.0,1.0,air_temperature,C,7.4,0.3,relative_humidity,%,0,3,air_pressure,hPa,0,1,altitude_uncalibrated,m,-999,100,visible_spectrum,nm,uW/cm^2,12/100,450,2.4,500,2.6,550,3.6,570,2.0,600,2.0,650,1.8,near_infrared_spectrum,nm,uW/cm^2,12/100,610,0.0,680,0.0,730,1.1,760,1.0,810,1.0,860,1.2
1.X,Saturday,20210226T230037Z,hh.hhhh,23.0103,surface_temperature,C,5.9,1.0,air_temperature,C,7.4,0.3,relative_humidity,%,0,3,air_pressure,hPa,0,1,altitude_uncalibrated,m,-999,100,visible_spectrum,nm,uW/cm^2,12/100,450,2.4,500,2.6,550,2.4,570,2.0,600,2.0,650,1.8,near_infrared_spectrum,nm,uW/cm^2,12/100,610,0.0,680,0.0,730,1.1,760,1.0,810,1.0,860,1.2
1.X,Saturday,20210226T230038Z,hh.hhhh,23.0106,surface_temperature,C,5.8,1.0,air_temperature,C,7.4,0.3,relative_humidity,%,0,3,air_pressure,hPa,0,1,altitude_uncalibrated,m,-999,100,visible_spectrum,nm,uW/cm^2,12/100,450,1.2,500,1.3,550,2.4,570,1.0,600,1.0,650,0.9,near_infrared_spectrum,nm,uW/cm^2,12/100,610,0.0,680,0.0,730,0.0,760,1.0,810,1.0,860,0.0
1.X,Saturday,20210226T230039Z,hh.hhhh,23.0108,surface_temperature,C,5.9,1.0,air_temperature,C,7.4,0.3,relative_humidity,%,0,3,air_pressure,hPa,0,1,altitude_uncalibrated,m,-999,100,visible_spectrum,nm,uW/cm^2,12/100,450,1.2,500,1.3,550,1.2,570,1.0,600,1.0,650,0.9,near_infrared_spectrum,nm,uW/cm^2,12/100,610,0.0,680,0.0,730,0.0,760,0.0,810,0.0,860,0.0
1.X,Saturday,20210226T230040Z,hh.hhhh,23.0111,surface_temperature,C,6.1,1.0,air_temperature,C,7.4,0.3,relative_humidity,%,0,3,air_pressure,hPa,0,1,altitude_uncalibrated,m,-999,100,visible_spectrum,nm,uW/cm^2,12/100,450,1.2,500,1.3,550,1.2,570,1.0,600,1.0,650,0.9,near_infrared_spectrum,nm,uW/cm^2,12/100,610,0.0,680,0.0,730,0.0,760,0.0,810,0.0,860,0.0
1.X,Saturday,20210226T230041Z,hh.hhhh,23.0114,surface_temperature,C,6.2,1.0,air_temperature,C,7.4,0.3,relative_humidity,%,0,3,air_pressure,hPa,0,1,altitude_uncalibrated,m,-999,100,visible_spectrum,nm,uW/cm^2,12/100,450,1.2,500,1.3,550,1.2,570,1.0,600,1.0,650,1.8,near_infrared_spectrum,nm,uW/cm^2,12/100,610,0.0,680,0.0,730,0.0,760,0.0,810,0.0,860,0.0
1.X,Saturday,20210226T230042Z,hh.hhhh,23.0117,surface_temperature,C,6.3,1.0,air_temperature,C,7.4,0.3,relative_humidity,%,0,3,air_pressure,hPa,0,1,altitude_uncalibrated,m,-999,100,visible_spectrum,nm,uW/cm^2,12/100,450,1.2,500,1.3,550,1.2,570,1.0,600,1.0,650,0.9,near_infrared_spectrum,nm,uW/cm^2,12/100,610,0.0,680,0.0,730,0.0,760,0.0,810,0.0,860,0.0
1.X,Saturday,20210226T230043Z,hh.hhhh,23.0119,surface_temperature,C,6.1,1.0,air_temperature,C,7.4,0.3,relative_humidity,%,0,3,air_pressure,hPa,0,1,altitude_uncalibrated,m,-999,100,visible_spectrum,nm,uW/cm^2,12/100,450,2.4,500,1.3,550,2.4,570,2.0,600,2.0,650,1.8,near_infrared_spectrum,nm,uW/cm^2,12/100,610,0.0,680,0.0,730,0.0,760,0.0,810,0.0,860,0.0
1.X,Saturday,20210226T230044Z,hh.hhhh,23.0122,surface_temperature,C,6.0,1.0,air_temperature,C,7.4,0.3,relative_humidity,%,0,3,air_pressure,hPa,0,1,altitude_uncalibrated,m,-999,100,visible_spectrum,nm,uW/cm^2,12/100,450,2.4,500,2.6,550,2.4,570,2.0,600,2.0,650,1.8,near_infrared_spectrum,nm,uW/cm^2,12/100,610,0.0,680,0.0,730,1.1,760,1.0,810,1.0,860,0.0
1.X,Saturday,20210226T230045Z,hh.hhhh,23.0125,surface_temperature,C,6.2,1.0,air_temperature,C,7.4,0.3,relative_humidity,%,0,3,air_pressure,hPa,0,1,altitude_uncalibrated,m,-999,100,visible_spectrum,nm,uW/cm^2,12/100,450,2.4,500,2.6,550,2.4,570,2.0,600,2.0,650,1.8,near_infrared_spectrum,nm,uW/cm^2,12/100,610,0.0,680,0.0,730,1.1,760,1.0,810,1.0,860,1.2
1.X,Saturday,20210226T230046Z,hh.hhhh,23.0128,surface_temperature,C,6.3,1.0,air_temperature,C,7.4,0.3,relative_humidity,%,0,3,air_pressure,hPa,0,1,altitude_uncalibrated,m,-999,100,visible_spectrum,nm,uW/cm^2,12/100,450,2.4,500,2.6,550,2.4,570,2.0,600,2.0,650,1.8,near_infrared_spectrum,nm,uW/cm^2,12/100,610,0.0,680,0.0,730,1.1,760,1.0,810,1.0,860,1.2
1.X,Saturday,20210226T230047Z,hh.hhhh,23.0131,surface_temperature,C,5.8,1.0,air_temperature,C,7.5,0.3,relative_humidity,%,0,3,air_pressure,hPa,0,1,altitude_uncalibrated,m,-999,100,visible_spectrum,nm,uW/cm^2,12/100,450,2.4,500,2.6,550,2.4,570,2.0,600,1.0,650,1.8,near_infrared_spectrum,nm,uW/cm^2,12/100,610,0.0,680,0.0,730,1.1,760,1.0,810,1.0,860,1.2
1.X,Saturday,20210226T230048Z,hh.hhhh,23.0133,surface_temperature,C,5.8,1.0,air_temperature,C,7.4,0.3,relative_humidity,%,0,3,air_pressure,hPa,0,1,altitude_uncalibrated,m,-999,100,visible_spectrum,nm,uW/cm^2,12/100,450,2.4,500,2.6,550,2.4,570,2.0,600,2.0,650,1.8,near_infrared_spectrum,nm,uW/cm^2,12/100,610,0.0,680,0.0,730,1.1,760,1.0,810,1.0,860,1.2
1.X,Saturday,20210226T230049Z,hh.hhhh,23.0136,surface_temperature,C,5.6,1.0,air_temperature,C,7.5,0.3,relative_humidity,%,0,3,air_pressure,hPa,0,1,altitude_uncalibrated,m,-999,100,visible_spectrum,nm,uW/cm^2,12/100,450,2.4,500,2.6,550,2.4,570,2.0,600,2.0,650,1.8,near_infrared_spectrum,nm,uW/cm^2,12/100,610,0.0,680,0.0,730,1.1,760,1.0,810,1.0,860,1.2
1.X,Saturday,20210226T230050Z,hh.hhhh,23.0139,surface_temperature,C,5.4,1.0,air_temperature,C,7.4,0.3,relative_humidity,%,0,3,air_pressure,hPa,0,1,altitude_uncalibrated,m,-999,100,visible_spectrum,nm,uW/cm^2,12/100,450,2.4,500,2.6,550,2.4,570,2.0,600,2.0,650,1.8,near_infrared_spectrum,nm,uW/cm^2,12/100,610,0.0,680,0.0,730,1.1,760,1.0,810,1.0,860,1.2
1.X,Saturday,20210226T230051Z,hh.hhhh,23.0142,surface_temperature,C,4.3,1.0,air_temperature,C,7.4,0.3,relative_humidity,%,0,3,air_pressure,hPa,0,1,altitude_uncalibrated,m,-999,100,visible_spectrum,nm,uW/cm^2,12/100,450,1.2,500,2.6,550,2.4,570,2.0,600,2.0,650,1.8,near_infrared_spectrum,nm,uW/cm^2,12/100,610,0.0,680,0.0,730,1.1,760,1.0,810,1.0,860,0.0
1.X,Saturday,20210226T230052Z,hh.hhhh,23.0144,surface_temperature,C,3.7,1.0,air_temperature,C,7.4,0.3,relative_humidity,%,0,3,air_pressure,hPa,0,1,altitude_uncalibrated,m,-999,100,visible_spectrum,nm,uW/cm^2,12/100,450,2.4,500,3.9,550,2.4,570,3.0,600,2.0,650,1.8,near_infrared_spectrum,nm,uW/cm^2,12/100,610,0.0,680,0.0,730,1.1,760,1.0,810,1.0,860,0.0
1.X,Saturday,20210226T230053Z,hh.hhhh,23.0147,surface_temperature,C,3.3,1.0,air_temperature,C,7.4,0.3,relative_humidity,%,0,3,air_pressure,hPa,0,1,altitude_uncalibrated,m,-999,100,visible_spectrum,nm,uW/cm^2,12/100,450,2.4,500,2.6,550,4.7,570,3.0,600,3.1,650,1.8,near_infrared_spectrum,nm,uW/cm^2,12/100,610,0.0,680,1.1,730,1.1,760,1.0,810,1.0,860,0.0
1.X,Saturday,20210226T230054Z,hh.hhhh,23.015,surface_temperature,C,3.2,1.0,air_temperature,C,7.4,0.3,relative_humidity,%,0,3,air_pressure,hPa,0,1,altitude_uncalibrated,m,-999,100,visible_spectrum,nm,uW/cm^2,12/100,450,4.8,500,12.9,550,7.1,570,8.0,600,3.1,650,6.2,near_infrared_spectrum,nm,uW/cm^2,12/100,610,0.0,680,1.1,730,1.1,760,1.0,810,1.0,860,1.2
1.X,Saturday,20210226T230055Z,hh.hhhh,23.0153,surface_temperature,C,3.3,1.0,air_temperature,C,7.4,0.3,relative_humidity,%,0,3,air_pressure,hPa,0,1,altitude_uncalibrated,m,-999,100,visible_spectrum,nm,uW/cm^2,12/100,450,3.6,500,3.9,550,5.9,570,3.0,600,3.1,650,2.7,near_infrared_spectrum,nm,uW/cm^2,12/100,610,0.0,680,1.1,730,1.1,760,1.0,810,1.0,860,0.0
1.X,Saturday,20210226T230056Z,hh.hhhh,23.0156,surface_temperature,C,3.3,1.0,air_temperature,C,7.4,0.3,relative_humidity,%,0,3,air_pressure,hPa,0,1,altitude_uncalibrated,m,-999,100,visible_spectrum,nm,uW/cm^2,12/100,450,3.6,500,6.5,550,2.4,570,2.0,600,2.0,650,6.2,near_infrared_spectrum,nm,uW/cm^2,12/100,610,0.0,680,0.0,730,0.0,760,0.0,810,0.0,860,0.0
1.X,Saturday,20210226T230057Z,hh.hhhh,23.0158,surface_temperature,C,2.7,1.0,air_temperature,C,7.4,0.3,relative_humidity,%,0,3,air_pressure,hPa,0,1,altitude_uncalibrated,m,-999,100,visible_spectrum,nm,uW/cm^2,12/100,450,11.9,500,12.9,550,11.9,570,8.0,600,8.2,650,6.2,near_infrared_spectrum,nm,uW/cm^2,12/100,610,1.4,680,1.1,730,1.1,760,1.0,810,1.0,860,1.2
1.X,Saturday,20210226T230058Z,hh.hhhh,23.0161,surface_temperature,C,2.8,1.0,air_temperature,C,7.5,0.3,relative_humidity,%,0,3,air_pressure,hPa,0,1,altitude_uncalibrated,m,-999,100,visible_spectrum,nm,uW/cm^2,12/100,450,15.5,500,12.9,550,9.5,570,8.0,600,6.1,650,8.0,near_infrared_spectrum,nm,uW/cm^2,12/100,610,1.4,680,1.1,730,1.1,760,1.0,810,1.0,860,1.2
1.X,Saturday,20210226T230059Z,hh.hhhh,23.0164,surface_temperature,C,2.6,1.0,air_temperature,C,7.4,0.3,relative_humidity,%,0,3,air_pressure,hPa,0,1,altitude_uncalibrated,m,-999,100,visible_spectrum,nm,uW/cm^2,12/100,450,13.1,500,11.6,550,9.5,570,7.0,600,7.2,650,6.2,near_infrared_spectrum,nm,uW/cm^2,12/100,610,1.4,680,1.1,730,1.1,760,1.0,810,1.0,860,1.2
1.X,Saturday,20210226T230100Z,hh.hhhh,23.0167,surface_temperature,C,2.7,1.0,air_temperature,C,7.5,0.3,relative_humidity,%,0,3,air_pressure,hPa,0,1,altitude_uncalibrated,m,-999,100,visible_spectrum,nm,uW/cm^2,12/100,450,14.3,500,11.6,550,9.5,570,7.0,600,8.2,650,6.2,near_infrared_spectrum,nm,uW/cm^2,12/100,610,1.4,680,1.1,730,1.1,760,1.0,810,1.0,860,1.2
1.X,Saturday,20210226T230101Z,hh.hhhh,23.0169,surface_temperature,C,2.9,1.0,air_temperature,C,7.5,0.3,relative_humidity,%,0,3,air_pressure,hPa,0,1,altitude_uncalibrated,m,-999,100,visible_spectrum,nm,uW/cm^2,12/100,450,14.3,500,11.6,550,10.7,570,8.0,600,8.2,650,6.2,near_infrared_spectrum,nm,uW/cm^2,12/100,610,1.4,680,1.1,730,1.1,760,1.0,810,1.0,860,1.2
1.X,Saturday,20210226T230102Z,hh.hhhh,23.0172,surface_temperature,C,2.9,1.0,air_temperature,C,7.4,0.3,relative_humidity,%,0,3,air_pressure,hPa,0,1,altitude_uncalibrated,m,-999,100,visible_spectrum,nm,uW/cm^2,12/100,450,14.3,500,10.3,550,10.7,570,7.0,600,8.2,650,5.3,near_infrared_spectrum,nm,uW/cm^2,12/100,610,1.4,680,1.1,730,1.1,760,1.0,810,1.0,860,1.2
1.X,Saturday,20210226T230103Z,hh.hhhh,23.0175,surface_temperature,C,2.8,1.0,air_temperature,C,7.4,0.3,relative_humidity,%,0,3,air_pressure,hPa,0,1,altitude_uncalibrated,m,-999,100,visible_spectrum,nm,uW/cm^2,12/100,450,10.7,500,7.7,550,9.5,570,6.0,600,7.2,650,4.5,near_infrared_spectrum,nm,uW/cm^2,12/100,610,1.4,680,1.1,730,1.1,760,1.0,810,1.0,860,1.2
1.X,Saturday,20210226T230104Z,hh.hhhh,23.0178,surface_temperature,C,3.2,1.0,air_temperature,C,7.4,0.3,relative_humidity,%,0,3,air_pressure,hPa,0,1,altitude_uncalibrated,m,-999,100,visible_spectrum,nm,uW/cm^2,12/100,450,8.4,500,6.5,550,8.3,570,5.0,600,6.1,650,2.7,near_infrared_spectrum,nm,uW/cm^2,12/100,610,0.0,680,1.1,730,1.1,760,1.0,810,1.0,860,1.2
1.X,Saturday,20210226T230105Z,hh.hhhh,23.0181,surface_temperature,C,3.7,1.0,air_temperature,C,7.4,0.3,relative_humidity,%,0,3,air_pressure,hPa,0,1,altitude_uncalibrated,m,-999,100,visible_spectrum,nm,uW/cm^2,12/100,450,4.8,500,3.9,550,5.9,570,3.0,600,4.1,650,1.8,near_infrared_spectrum,nm,uW/cm^2,12/100,610,0.0,680,1.1,730,1.1,760,1.0,810,1.0,860,1.2
1.X,Saturday,20210226T230106Z,hh.hhhh,23.0183,surface_temperature,C,4.2,1.0,air_temperature,C,7.4,0.3,relative_humidity,%,0,3,air_pressure,hPa,0,1,altitude_uncalibrated,m,-999,100,visible_spectrum,nm,uW/cm^2,12/100,450,2.4,500,2.6,550,3.6,570,2.0,600,2.0,650,1.8,near_infrared_spectrum,nm,uW/cm^2,12/100,610,0.0,680,0.0,730,1.1,760,1.0,810,1.0,860,1.2
1.X,Saturday,20210226T230107Z,hh.hhhh,23.0186,surface_temperature,C,4.6,1.0,air_temperature,C,7.4,0.3,relative_humidity,%,0,3,air_pressure,hPa,0,1,altitude_uncalibrated,m,-999,100,visible_spectrum,nm,uW/cm^2,12/100,450,1.2,500,1.3,550,2.4,570,1.0,600,1.0,650,0.9,near_infrared_spectrum,nm,uW/cm^2,12/100,610,0.0,680,0.0,730,1.1,760,1.0,810,1.0,860,0.0
1.X,Saturday,20210226T230108Z,hh.hhhh,23.0189,surface_temperature,C,4.0,1.0,air_temperature,C,7.4,0.3,relative_humidity,%,0,3,air_pressure,hPa,0,1,altitude_uncalibrated,m,-999,100,visible_spectrum,nm,uW/cm^2,12/100,450,0.0,500,0.0,550,0.0,570,0.0,600,1.0,650,0.9,near_infrared_spectrum,nm,uW/cm^2,12/100,610,0.0,680,0.0,730,0.0,760,0.0,810,1.0,860,0.0
1.X,Saturday,20210226T230109Z,hh.hhhh,23.0192,surface_temperature,C,5.0,1.0,air_temperature,C,7.4,0.3,relative_humidity,%,0,3,air_pressure,hPa,0,1,altitude_uncalibrated,m,-999,100,visible_spectrum,nm,uW/cm^2,12/100,450,0.0,500,0.0,550,0.0,570,0.0,600,0.0,650,0.0,near_infrared_spectrum,nm,uW/cm^2,12/100,610,0.0,680,0.0,730,0.0,760,0.0,810,0.0,860,0.0
1.X,Saturday,20210226T230110Z,hh.hhhh,23.0194,surface_temperature,C,5.7,1.0,air_temperature,C,7.3,0.3,relative_humidity,%,0,3,air_pressure,hPa,0,1,altitude_uncalibrated,m,-999,100,visible_spectrum,nm,uW/cm^2,12/100,450,0.0,500,0.0,550,0.0,570,0.0,600,0.0,650,0.0,near_infrared_spectrum,nm,uW/cm^2,12/100,610,0.0,680,0.0,730,0.0,760,0.0,810,0.0,860,0.0
1.X,Saturday,20210226T230111Z,hh.hhhh,23.0197,surface_temperature,C,5.9,1.0,air_temperature,C,7.3,0.3,relative_humidity,%,0,3,air_pressure,hPa,0,1,altitude_uncalibrated,m,-999,100,visible_spectrum,nm,uW/cm^2,12/100,450,0.0,500,0.0,550,0.0,570,0.0,600,0.0,650,0.0,near_infrared_spectrum,nm,uW/cm^2,12/100,610,0.0,680,0.0,730,0.0,760,0.0,810,0.0,860,0.0
1.X,Saturday,20210226T230112Z,hh.hhhh,23.02,surface_temperature,C,5.7,1.0,air_temperature,C,7.3,0.3,relative_humidity,%,0,3,air_pressure,hPa,0,1,altitude_uncalibrated,m,-999,100,visible_spectrum,nm,uW/cm^2,12/100,450,0.0,500,0.0,550,0.0,570,0.0,600,0.0,650,0.0,near_infrared_spectrum,nm,uW/cm^2,12/100,610,0.0,680,0.0,730,0.0,760,0.0,810,0.0,860,0.0
1.X,Saturday,20210226T230113Z,hh.hhhh,23.0203,surface_temperature,C,5.8,1.0,air_temperature,C,7.4,0.3,relative_humidity,%,0,3,air_pressure,hPa,0,1,altitude_uncalibrated,m,-999,100,visible_spectrum,nm,uW/cm^2,12/100,450,0.0,500,0.0,550,0.0,570,0.0,600,0.0,650,0.0,near_infrared_spectrum,nm,uW/cm^2,12/100,610,0.0,680,0.0,730,0.0,760,0.0,810,0.0,860,0.0
1.X,Saturday,20210226T230114Z,hh.hhhh,23.0205,surface_temperature,C,5.6,1.0,air_temperature,C,7.2,0.3,relative_humidity,%,0,3,air_pressure,hPa,0,1,altitude_uncalibrated,m,-999,100,visible_spectrum,nm,uW/cm^2,12/100,450,0.0,500,0.0,550,0.0,570,0.0,600,0.0,650,0.0,near_infrared_spectrum,nm,uW/cm^2,12/100,610,0.0,680,0.0,730,0.0,760,0.0,810,0.0,860,0.0
